Origin,data_source,Round 1,Round 2,Ground_Truth_Answer
ID0002,jama,B,A,D
ID0003,medxpert,H,A,C
ID0007,medbullets,A,D,D
ID0009,jama,A,D,C
ID0010,medxpert,H,C,B
ID0013,mmlu,D,C,C
ID0015,jama,C,C,C
ID0016,jama,B,B,B
ID0017,jama,C,C,B
ID0018,jama,D,C,C
ID0021,jama,C,B,B
ID0024,mmlu,B,D,D
ID0025,medxpert,F,D,D
ID0027,mmlu,D,B,B
ID0028,medbullets,A,C,D
ID0029,medbullets,C,C,B
ID0030,jama,B,D,B
ID0032,medbullets,B,C,A
ID0034,medbullets,A,D,D
ID0039,mmlu,B,C,C
ID0041,jama,A,C,C
ID0042,medxpert,C,D,D
ID0043,jama,D,A,D
ID0044,jama,B,C,C
ID0045,medxpert,C,B,B
ID0046,medbullets,C,NONE,B
ID0047,jama,A,C,C
ID0048,medbullets,D,C,D
ID0049,jama,B,D,B
ID0052,jama,C,C,A
ID0053,medxpert,A,B,C
ID0054,jama,A,C,C
ID0055,medbullets,D,D,D
ID0056,medxpert,D,D,D
ID0057,mmlu,D,C,C
ID0059,mmlu,D,D,D
ID0060,jama,C,B,C
ID0062,jama,C,C,C
ID0063,medxpert,A,D,C
ID0064,mmlu,D,B,B
ID0067,medbullets,A,B,B
ID0069,jama,D,C,C
ID0071,medxpert,D,C,C
ID0072,jama,C,D,D
ID0073,medxpert,A,C,B
ID0074,mmlu,C,C,A
ID0076,jama,B,NONE,A
ID0078,medbullets,B,B,C
ID0079,jama,C,C,C
ID0081,jama,C,D,A
ID0082,medbullets,B,C,C
ID0085,medxpert,E,NONE,C
ID0086,medxpert,C,D,C
ID0088,jama,C,C,C
ID0089,jama,A,C,A
ID0092,medxpert,F,D,C
ID0093,jama,C,B,C
ID0094,jama,C,A,B
ID0096,medxpert,D,B,B
ID0097,jama,A,C,D
ID0098,mmlu,D,NONE,A
ID0099,medxpert,H,A,A
ID0101,medbullets,A,C,C
ID0102,medbullets,C,C,C
ID0106,medbullets,A,C,B
ID0108,jama,A,C,D
ID0109,jama,A,A,C
ID0110,jama,B,A,A
ID0111,medbullets,C,B,D
ID0112,medxpert,A,C,C
ID0113,mmlu,D,B,B
ID0115,medbullets,C,B,A
ID0116,jama,C,D,A
ID0117,mmlu,C,B,B
ID0119,jama,C,C,C
ID0122,mmlu,D,C,C
ID0124,jama,B,C,C
ID0125,jama,C,A,A
ID0127,jama,C,B,B
ID0129,mmlu,C,C,C
ID0130,jama,D,C,C
ID0133,jama,B,D,D
ID0135,medbullets,A,D,C
ID0136,mmlu,B,B,B
ID0137,medxpert,G,B,C
ID0140,medxpert,D,B,B
ID0141,medxpert,F,A,C
ID0142,jama,B,C,A
ID0144,medbullets,A,C,C
ID0146,jama,C,B,A
ID0147,jama,A,C,A
ID0148,medxpert,C,D,D
ID0149,jama,B,D,A
ID0150,jama,A,A,C
ID0151,medxpert,A,B,D
ID0152,medbullets,B,A,B
ID0153,jama,D,C,C
ID0154,mmlu,C,D,D
ID0155,jama,C,B,B
ID0157,jama,C,C,D
ID0161,jama,C,B,B
ID0162,medbullets,C,A,A
ID0163,jama,A,NONE,A
ID0164,mmlu,A,C,C
ID0165,medxpert,B,A,D
ID0166,medxpert,C,C,C
ID0168,mmlu,B,C,C
ID0169,jama,B,B,B
ID0170,medxpert,D,C,B
ID0172,jama,C,B,B
ID0177,medbullets,B,C,C
ID0182,medbullets,C,B,B
ID0184,mmlu,B,B,A
ID0185,medbullets,B,D,D
ID0186,jama,C,A,C
ID0189,mmlu,A,C,D
ID0190,mmlu,C,C,C
ID0191,jama,D,A,C
ID0192,jama,D,A,D
ID0193,medxpert,E,A,B
ID0195,jama,B,D,C
ID0198,medbullets,A,C,A
ID0199,jama,A,A,A
ID0200,medxpert,B,D,B
ID0202,jama,D,D,B
ID0206,jama,C,C,C
ID0207,medxpert,D,C,C
ID0209,mmlu,C,B,D
ID0211,medxpert,F,C,B
ID0213,jama,C,B,B
ID0215,jama,B,D,D
ID0216,medxpert,A,B,C
ID0217,mmlu,C,B,B
ID0219,jama,A,C,C
ID0220,mmlu,A,B,B
ID0221,medbullets,C,B,B
ID0222,jama,B,C,B
ID0229,medxpert,C,C,C
ID0230,jama,C,A,C
ID0232,jama,C,A,D
ID0233,medxpert,B,A,A
ID0235,medxpert,B,D,D
ID0236,jama,C,C,C
ID0237,mmlu,A,B,B
ID0238,medbullets,A,C,C
ID0240,jama,C,B,C
ID0241,jama,C,D,D
ID0242,medxpert,G,D,D
ID0243,jama,A,B,B
ID0244,medbullets,C,D,C
ID0246,jama,D,B,D
ID0247,medbullets,C,B,C
ID0248,medxpert,A,A,D
ID0249,medbullets,C,C,C
ID0251,mmlu,C,B,D
ID0253,mmlu,D,NONE,B
ID0254,jama,B,B,D
ID0256,mmlu,D,B,D
ID0257,jama,A,B,A
ID0258,jama,C,A,D
ID0262,medxpert,C,C,C
ID0265,mmlu,A,B,B
ID0268,jama,C,C,C
ID0270,mmlu,D,D,C
ID0275,medxpert,A,A,A
ID0277,jama,B,B,B
ID0278,jama,C,C,C
ID0280,jama,C,D,B
ID0281,medxpert,J,B,C
ID0283,jama,B,C,C
ID0284,medxpert,B,C,C
ID0286,jama,C,C,C
ID0287,jama,C,C,A
ID0289,jama,B,B,B
ID0291,medxpert,E,A,B
ID0292,medxpert,B,D,D
ID0293,medxpert,C,D,D
ID0295,jama,A,D,D
ID0296,jama,B,C,A
ID0297,jama,B,C,B
ID0298,medxpert,A,B,A
ID0300,jama,C,A,B
ID0301,jama,A,A,C
ID0302,jama,A,A,D
ID0303,medxpert,C,C,B
ID0304,medxpert,H,C,B
ID0305,medbullets,C,C,B
ID0307,mmlu,B,C,C
ID0309,medbullets,D,A,A
ID0310,jama,C,A,C
ID0313,mmlu,A,NONE,C
ID0314,medbullets,B,C,C
ID0315,mmlu,C,D,D
ID0317,medxpert,A,D,D
ID0320,medxpert,A,C,C
ID0321,jama,A,B,D
ID0323,jama,D,C,C
ID0324,jama,C,B,A
ID0325,medbullets,C,D,D
ID0326,jama,B,D,D
ID0327,medxpert,C,A,C
ID0328,jama,B,D,C
ID0330,medbullets,A,D,C
ID0331,jama,C,B,B
ID0332,jama,D,B,B
ID0334,jama,C,A,D
ID0336,medxpert,A,C,D
ID0337,jama,A,A,A
ID0339,mmlu,B,C,C
ID0342,jama,A,D,B
ID0345,jama,A,B,C
ID0349,medxpert,F,C,B
ID0351,jama,A,A,A
ID0352,jama,A,C,C
ID0353,medxpert,J,D,D
ID0356,jama,C,A,A
ID0357,medxpert,B,C,C
ID0359,medxpert,C,C,C
ID0360,mmlu,B,C,A
ID0362,jama,C,C,D
ID0363,medbullets,A,B,B
ID0364,jama,B,B,A
ID0365,jama,C,A,A
ID0366,jama,B,D,B
ID0367,medxpert,C,D,D
ID0368,jama,D,C,C
ID0371,medxpert,H,D,D
ID0373,jama,C,A,C
ID0376,medxpert,A,D,D
ID0377,jama,C,C,C
ID0379,medxpert,E,D,B
ID0382,medbullets,C,NONE,B
ID0385,medxpert,D,A,C
ID0387,jama,C,B,B
ID0388,medxpert,B,C,C
ID0389,jama,C,A,C
ID0391,medxpert,C,B,B
ID0393,jama,B,D,D
ID0395,jama,D,B,B
ID0396,medbullets,A,B,D
ID0397,medxpert,G,D,A
ID0399,jama,B,C,B
ID0400,jama,B,A,C
ID0402,jama,B,D,C
ID0403,medbullets,B,C,C
ID0404,jama,D,C,B
ID0405,jama,A,A,A
ID0406,mmlu,D,D,C
ID0407,medxpert,G,A,A
ID0409,mmlu,D,B,C
ID0412,jama,A,A,C
ID0415,jama,A,A,A
ID0416,medxpert,F,C,D
ID0417,jama,D,NONE,B
ID0418,jama,B,D,B
ID0421,jama,A,C,C
ID0422,jama,C,B,A
ID0425,medxpert,D,B,B
ID0426,medxpert,C,B,C
ID0428,mmlu,D,A,D
ID0429,mmlu,C,C,D
ID0431,jama,B,C,B
ID0433,medxpert,A,B,B
ID0435,medxpert,A,A,A
ID0437,mmlu,C,C,C
ID0438,medbullets,B,A,A
ID0440,medxpert,H,B,C
ID0442,jama,C,C,B
ID0444,jama,B,C,C
ID0446,jama,C,A,A
ID0447,medbullets,D,B,B
ID0449,jama,C,C,B
ID0451,jama,A,B,B
ID0453,jama,A,A,A
ID0455,medxpert,H,B,B
ID0458,medxpert,J,A,C
ID0459,medxpert,A,D,B
ID0460,jama,B,B,B
ID0461,jama,C,A,C
ID0462,jama,C,D,D
ID0463,jama,D,C,D
ID0465,jama,C,D,B
ID0466,jama,D,B,C
ID0467,jama,B,C,C
ID0468,medbullets,C,C,C
ID0469,jama,A,D,D
ID0470,medbullets,C,A,D
ID0471,jama,C,D,C
ID0472,jama,C,A,B
ID0473,medbullets,A,A,A
ID0476,jama,A,C,C
ID0477,jama,A,A,C
ID0478,jama,B,B,C
ID0479,jama,B,C,D
ID0483,jama,B,B,C
ID0484,jama,A,C,C
ID0487,jama,C,B,C
ID0488,jama,C,C,C
ID0490,jama,C,B,C
ID0491,medxpert,C,B,B
ID0492,jama,B,B,B
ID0494,jama,B,A,A
ID0495,medbullets,B,C,C
ID0496,medbullets,A,A,A
ID0498,jama,C,C,D
ID0500,jama,D,D,C
ID0502,jama,B,D,D
ID0503,medbullets,C,B,C
ID0504,medxpert,E,A,A
ID0506,medxpert,C,D,B
ID0508,jama,C,B,B
ID0509,medxpert,G,B,B
ID0510,mmlu,B,C,D
ID0511,jama,B,D,D
ID0513,jama,D,B,B
ID0514,medxpert,G,B,C
ID0517,medbullets,B,A,C
ID0519,medxpert,D,B,B
ID0520,mmlu,C,D,D
ID0521,medxpert,I,A,B
ID0522,jama,C,B,C
ID0523,medxpert,E,B,B
ID0524,jama,B,C,C
ID0525,jama,B,C,C
ID0526,medbullets,A,B,B
ID0528,jama,B,C,C
ID0529,medbullets,C,B,A
ID0532,medxpert,A,B,B
ID0533,jama,B,D,C
ID0534,jama,A,B,B
ID0535,medbullets,C,B,B
ID0536,medxpert,A,A,D
ID0539,jama,D,C,A
ID0541,jama,B,A,A
ID0542,mmlu,D,D,B
ID0543,mmlu,A,C,C
ID0546,medbullets,D,C,B
ID0551,jama,C,D,C
ID0552,jama,C,C,C
ID0553,jama,A,B,B
ID0554,mmlu,A,A,A
ID0555,jama,D,C,A
ID0559,jama,C,C,C
ID0561,jama,A,C,C
ID0564,medbullets,B,D,D
ID0566,mmlu,C,A,A
ID0567,medxpert,E,B,C
ID0568,medbullets,A,C,C
ID0569,mmlu,B,NONE,C
ID0572,medxpert,G,A,D
ID0574,medxpert,G,B,D
ID0575,jama,D,A,D
ID0576,mmlu,C,C,C
ID0577,jama,C,C,A
ID0578,mmlu,D,C,D
ID0581,medxpert,C,D,B
ID0584,jama,C,B,C
ID0585,medbullets,C,A,D
ID0586,jama,D,A,C
ID0587,medxpert,E,C,C
ID0589,jama,C,C,A
ID0590,jama,D,D,C
ID0591,medxpert,G,B,B
ID0592,jama,B,C,B
ID0594,medxpert,D,C,C
ID0595,medxpert,H,A,D
ID0596,jama,C,B,B
ID0598,medxpert,D,D,B
ID0599,medbullets,C,C,C
ID0600,medbullets,C,D,C
ID0601,medbullets,D,D,D
ID0602,jama,C,A,D
ID0603,jama,C,B,B
ID0604,mmlu,C,A,D
ID0605,medxpert,A,C,C
ID0607,mmlu,A,C,C
ID0609,jama,C,B,B
ID0613,medbullets,C,C,C
ID0614,medxpert,C,A,D
ID0616,medxpert,D,C,D
ID0617,mmlu,D,C,C
ID0618,mmlu,A,A,A
ID0619,medbullets,D,C,C
ID0621,medxpert,F,D,A
ID0622,mmlu,D,B,C
ID0623,medbullets,D,B,B
ID0625,medxpert,I,B,D
ID0626,medxpert,C,B,B
ID0627,medxpert,C,A,D
ID0628,mmlu,D,B,B
ID0629,jama,A,B,D
ID0631,jama,A,D,D
ID0633,jama,C,B,C
ID0634,mmlu,C,B,B
ID0635,jama,A,B,B
ID0636,jama,C,C,C
ID0639,jama,C,D,D
ID0641,medxpert,C,C,C
ID0642,jama,C,C,C
ID0643,jama,C,A,A
ID0647,jama,C,B,B
ID0648,jama,B,C,C
ID0651,medxpert,G,D,B
ID0652,mmlu,A,D,B
ID0653,mmlu,D,D,C
ID0654,mmlu,C,A,D
ID0655,medxpert,C,C,C
ID0656,jama,C,C,C
ID0658,medxpert,H,B,D
ID0659,jama,B,B,A
ID0660,jama,C,C,C
ID0661,jama,C,C,C
ID0662,medbullets,A,C,C
ID0664,jama,B,C,C
ID0665,mmlu,C,B,B
ID0668,medxpert,E,B,B
ID0669,jama,D,B,A
ID0670,jama,B,D,C
ID0671,jama,D,B,C
ID0672,medxpert,G,C,C
ID0673,medbullets,A,D,D
ID0675,jama,A,D,D
ID0676,jama,D,NONE,B
ID0679,medbullets,A,C,B
ID0680,medxpert,G,NONE,C
ID0682,mmlu,C,C,C
ID0683,jama,C,C,C
ID0684,medxpert,B,B,C
ID0691,jama,A,C,C
ID0692,jama,B,D,D
ID0693,medbullets,A,A,A
ID0695,mmlu,A,B,B
ID0696,medxpert,F,B,B
ID0697,jama,B,B,C
ID0698,medxpert,F,NONE,C
ID0699,jama,C,C,C
ID0700,jama,D,D,D
ID0701,medxpert,E,D,B
ID0702,medxpert,C,A,A
ID0703,jama,A,C,D
ID0708,jama,C,C,C
ID0709,jama,B,D,B
ID0710,jama,D,C,A
ID0711,medbullets,B,D,D
ID0712,mmlu,A,C,C
ID0713,medbullets,B,C,C
ID0715,medbullets,C,C,C
ID0716,jama,A,B,B
ID0717,medxpert,J,A,D
ID0718,jama,B,A,C
ID0719,jama,C,B,B
ID0721,jama,C,D,D
ID0723,jama,B,D,B
ID0726,jama,C,D,D
ID0728,medbullets,C,C,C
ID0731,jama,C,B,B
ID0732,medbullets,,C,C
ID0733,jama,D,C,A
ID0734,jama,A,D,D
ID0735,mmlu,D,D,D
ID0737,medxpert,A,B,B
ID0739,jama,C,C,D
ID0740,jama,B,C,C
ID0743,jama,B,NONE,A
ID0744,jama,A,NONE,B
ID0745,jama,A,A,B
ID0746,jama,C,B,B
ID0747,jama,D,D,D
ID0752,mmlu,A,C,C
ID0753,medxpert,F,C,C
ID0754,jama,C,B,B
ID0756,jama,C,B,B
ID0757,mmlu,A,C,C
ID0758,medxpert,A,B,A
ID0759,medbullets,B,A,B
ID0761,medxpert,G,B,D
ID0762,jama,D,NONE,D
ID0764,medxpert,C,D,C
ID0765,medxpert,B,B,B
ID0766,mmlu,C,C,C
ID0769,jama,B,A,A
ID0770,medxpert,G,C,A
ID0773,mmlu,D,A,C
ID0775,jama,B,A,C
ID0776,jama,A,C,C
ID0777,medxpert,A,C,C
ID0778,medxpert,F,B,C
ID0779,jama,B,A,B
ID0780,jama,C,B,C
ID0781,jama,A,A,B
ID0782,jama,A,C,C
ID0783,jama,C,D,D
ID0784,medbullets,B,D,B
ID0785,jama,C,B,D
ID0786,medxpert,A,B,B
ID0788,medbullets,D,A,D
ID0789,mmlu,A,B,C
ID0790,medbullets,B,C,C
ID0792,medxpert,A,D,D
ID0796,medbullets,C,C,C
ID0797,jama,B,D,D
ID0798,medxpert,F,D,D
ID0799,mmlu,D,B,B
ID0800,jama,B,B,B
ID0801,medbullets,C,D,D
ID0802,mmlu,A,C,C
ID0803,jama,C,C,D
ID0805,medxpert,G,B,C
ID0809,jama,D,C,C
ID0810,medbullets,C,B,B
ID0811,medxpert,F,C,D
ID0813,medxpert,C,C,B
ID0814,jama,D,C,C
ID0815,medxpert,B,D,B
ID0816,medxpert,C,C,C
ID0819,mmlu,C,D,B
ID0821,medxpert,C,D,C
ID0824,medbullets,A,B,D
ID0825,medbullets,B,B,B
ID0826,jama,C,NONE,C
ID0827,medxpert,H,C,C
ID0828,medxpert,B,C,B
ID0830,medbullets,A,B,B
ID0831,medxpert,F,B,B
ID0832,jama,C,D,C
ID0833,medbullets,C,B,D
ID0834,jama,C,D,B
ID0835,medbullets,A,B,B
ID0836,medbullets,C,B,C
ID0837,jama,B,B,D
ID0840,mmlu,A,C,B
ID0841,medbullets,C,D,A
ID0842,medbullets,A,D,D
ID0843,medxpert,C,C,C
ID0844,medbullets,B,A,B
ID0845,medbullets,C,B,C
ID0846,jama,C,A,D
ID0847,jama,D,B,A
ID0850,jama,D,C,C
ID0851,mmlu,A,A,B
ID0852,medbullets,D,B,C
ID0853,medbullets,D,C,D
ID0854,jama,D,A,A
ID0855,jama,A,B,B
ID0856,medxpert,J,A,A
ID0858,jama,C,B,B
ID0859,jama,A,D,C
ID0860,medxpert,B,B,B
ID0861,medbullets,C,D,C
ID0862,jama,A,B,B
ID0864,mmlu,B,B,B
ID0866,jama,D,C,C
ID0867,jama,B,C,C
ID0869,jama,B,C,B
ID0870,medxpert,C,B,C
ID0871,jama,C,D,C
ID0872,medxpert,D,D,D
ID0876,jama,A,NONE,B
ID0878,jama,A,A,D
ID0879,jama,A,C,C
ID0880,medxpert,F,C,C
ID0883,medxpert,G,B,B
ID0884,mmlu,C,C,A
ID0885,medbullets,A,D,C
ID0887,medbullets,B,D,B
ID0889,jama,A,B,B
ID0893,medbullets,C,A,B
ID0894,jama,B,D,D
ID0895,jama,C,B,D
ID0899,jama,C,C,D
ID0900,jama,C,D,C
ID0901,medbullets,B,A,B
ID0902,medxpert,C,C,B
ID0904,jama,A,C,C
ID0905,jama,C,C,D
ID0907,medxpert,E,C,C
ID0908,jama,B,B,B
ID0909,mmlu,A,B,B
ID0910,mmlu,C,NONE,C
ID0911,mmlu,D,C,D
ID0912,medxpert,F,A,C
ID0915,jama,C,C,C
ID0916,jama,D,B,C
ID0918,mmlu,D,C,C
ID0919,medxpert,F,B,B
ID0922,medxpert,F,B,B
ID0923,medbullets,A,B,B
ID0924,medbullets,A,NONE,C
ID0925,jama,A,B,B
ID0926,medxpert,A,B,C
ID0927,jama,B,D,D
ID0928,medbullets,C,A,A
ID0934,medxpert,G,B,B
ID0935,jama,D,B,C
ID0937,jama,A,A,D
ID0939,jama,A,D,D
ID0941,medxpert,C,B,B
ID0942,medxpert,G,B,B
ID0944,mmlu,C,C,C
ID0948,medxpert,G,D,D
ID0949,medbullets,C,D,B
ID0951,mmlu,A,A,D
ID0953,mmlu,B,A,C
ID0954,jama,B,C,C
ID0957,medxpert,B,C,C
ID0961,jama,A,D,D
ID0962,jama,C,C,C
ID0963,mmlu,C,D,B
ID0965,medxpert,C,C,C
ID0967,medbullets,C,D,C
ID0968,jama,C,B,B
ID0969,jama,C,A,B
ID0970,medbullets,C,B,A
ID0972,medxpert,A,C,C
ID0973,jama,C,B,B
ID0974,medbullets,A,C,B
ID0976,jama,B,C,D
ID0977,jama,A,C,C
ID0979,medxpert,B,B,B
ID0981,jama,D,D,D
ID0982,jama,C,D,B
ID0987,medbullets,C,C,C
ID0990,jama,D,B,B
ID0991,jama,A,B,C
ID0992,medxpert,E,C,C
ID0993,jama,B,A,B
ID0994,medxpert,A,B,C
ID0996,jama,C,B,B
ID0998,jama,B,D,D
ID0999,mmlu,D,C,C
ID1001,jama,C,A,C
ID1002,jama,C,C,C
ID1005,jama,C,D,D
ID1006,jama,C,B,B
ID1009,medxpert,D,C,D
ID1011,jama,A,B,B
ID1013,mmlu,D,C,C
ID1014,jama,B,C,C
ID1015,jama,D,D,D
ID1016,jama,A,D,A
ID1017,jama,D,D,C
ID1019,jama,A,B,B
ID1020,jama,C,C,C
ID1021,jama,A,B,B
ID1022,jama,D,B,C
ID1024,medbullets,A,A,D
ID1025,mmlu,A,B,B
ID1026,medxpert,F,D,D
ID1028,medbullets,A,D,D
ID1029,medxpert,C,D,B
ID1031,medxpert,A,C,B
ID1032,jama,C,D,D
ID1035,jama,C,A,A
ID1037,jama,B,B,C
ID1038,jama,A,B,B
ID1040,jama,A,A,C
ID1044,mmlu,C,D,B
ID1047,jama,B,B,B
ID1048,jama,C,B,A
ID1049,jama,C,C,C
ID1051,medbullets,C,B,D
ID1055,medxpert,F,A,B
ID1058,medxpert,H,C,C
ID1059,mmlu,C,A,A
ID1060,jama,D,C,D
ID1062,medxpert,A,C,C
ID1063,mmlu,B,C,C
ID1064,mmlu,C,B,C
ID1065,medxpert,E,C,B
ID1066,medxpert,G,B,B
ID1067,medxpert,A,C,B
ID1068,jama,A,A,B
ID1070,jama,C,B,C
ID1071,jama,B,A,C
ID1072,medxpert,F,D,B
ID1073,jama,D,B,B
ID1074,medxpert,B,A,B
ID1075,jama,A,B,C
ID1076,jama,B,D,D
ID1077,jama,D,A,A
ID1079,jama,C,D,B
ID1080,jama,B,B,B
ID1081,medbullets,D,D,D
ID1082,mmlu,D,B,B
ID1084,jama,A,D,C
ID1085,medxpert,B,B,B
ID1087,jama,B,D,C
ID1088,mmlu,B,D,B
ID1089,jama,B,D,C
ID1090,jama,D,B,C
ID1093,medbullets,C,A,D
ID1098,jama,A,C,C
ID1099,jama,B,D,A
ID1101,jama,B,A,B
ID1102,medxpert,B,B,B
ID1108,medxpert,B,D,C
ID1110,jama,A,B,B
ID1112,mmlu,A,B,B
ID1113,jama,C,A,A
ID1114,mmlu,C,A,C
ID1116,medbullets,B,B,B
ID1117,medxpert,E,B,B
ID1118,jama,A,C,C
ID1119,jama,B,A,A
ID1121,jama,C,D,C
ID1123,jama,C,B,B
ID1125,medxpert,G,B,B
ID1127,jama,B,C,C
ID1129,medbullets,C,A,B
ID1130,medbullets,A,B,B
ID1131,jama,B,D,A
ID1132,jama,B,C,C
ID1135,jama,B,C,B
ID1137,medbullets,A,D,D
ID1138,jama,C,A,A
ID1139,jama,B,C,A
ID1140,jama,D,D,B
ID1141,medxpert,F,A,D
ID1142,medbullets,D,B,A
ID1146,jama,B,B,B
ID1147,medxpert,G,D,A
ID1148,jama,B,B,B
ID1149,jama,C,C,A
ID1150,jama,A,C,C
ID1151,medxpert,C,B,C
ID1152,mmlu,D,C,C
ID1153,medbullets,A,B,B
ID1154,medxpert,A,D,D
ID1155,medxpert,A,B,C
ID1157,medbullets,C,B,C
ID1158,medbullets,C,B,C
ID1160,jama,A,D,B
ID1161,medxpert,G,C,C
ID1162,jama,C,B,C
ID1163,mmlu,D,C,A
ID1164,jama,B,B,B
ID1166,jama,B,B,B
ID1167,jama,A,C,C
ID1170,jama,C,B,B
ID1171,jama,C,C,C
ID1172,medxpert,C,C,C
ID1174,jama,D,B,B
ID1175,jama,A,D,C
ID1176,medxpert,C,A,C
ID1178,jama,C,A,D
ID1179,medxpert,F,C,B
ID1180,mmlu,D,A,A
ID1181,mmlu,D,B,A
ID1182,mmlu,B,B,A
ID1183,jama,C,D,C
ID1184,medxpert,C,D,C
ID1185,jama,C,C,C
ID1187,mmlu,B,B,B
ID1189,medxpert,D,A,A
ID1190,medxpert,A,C,C
ID1193,jama,B,D,D
ID1194,medxpert,F,C,C
ID1197,jama,A,C,C
ID1198,jama,A,C,C
ID1199,medxpert,A,D,C
ID1200,medbullets,C,A,C
ID1201,jama,C,C,C
ID1202,medbullets,A,B,B
ID1204,jama,C,B,D
ID1206,mmlu,D,D,C
ID1207,jama,D,B,B
ID1208,medxpert,A,C,C
ID1209,mmlu,A,B,C
ID1212,medxpert,C,A,A
ID1214,jama,B,B,C
ID1215,jama,B,B,B
ID1216,jama,A,D,B
ID1217,jama,D,C,C
ID1218,medbullets,C,D,B
ID1219,jama,A,C,A
ID1221,medbullets,D,A,B
ID1223,mmlu,D,C,C
ID1224,jama,B,B,D
ID1226,medxpert,F,C,C
ID1227,mmlu,C,B,B
ID1228,medbullets,B,B,B
ID1229,jama,B,D,C
ID1230,jama,A,B,B
ID1232,medbullets,B,A,C
ID1233,jama,C,A,A
ID1234,jama,A,A,C
ID1236,jama,A,NONE,D
ID1239,mmlu,C,D,D
ID1240,mmlu,D,A,C
ID1242,jama,C,B,B
ID1244,jama,C,A,C
ID1245,medbullets,B,NONE,A
ID1246,medbullets,A,B,D
ID1247,jama,B,D,C
ID1248,mmlu,C,C,D
ID1249,medbullets,C,A,C
ID1251,medxpert,E,C,D
ID1252,medxpert,B,C,D
ID1254,medxpert,E,B,B
ID1255,medxpert,H,C,C
ID1256,medxpert,F,D,D
ID1258,mmlu,C,D,D
ID1260,jama,C,B,D
ID1261,mmlu,B,D,D
ID1262,medbullets,B,A,C
ID1264,jama,C,B,B
ID1266,jama,D,A,D
ID1267,jama,A,B,C
ID1268,mmlu,D,A,C
ID1269,medbullets,C,B,C
ID1270,medxpert,H,C,D
ID1271,medbullets,A,A,C
ID1272,mmlu,C,D,C
ID1273,jama,A,A,A
ID1275,jama,C,C,B
ID1276,jama,C,C,D
ID1277,mmlu,D,B,D
ID1278,medbullets,B,B,C
ID1279,medbullets,C,D,A
ID1280,medxpert,A,D,C
ID1281,jama,B,A,A
ID1284,medxpert,C,C,C
ID1285,jama,B,NONE,C
ID1286,jama,C,D,D
ID1287,mmlu,D,C,B
ID1288,jama,C,D,D
ID1289,jama,B,C,C
ID1290,jama,A,B,B
ID1291,medxpert,E,D,C
ID1294,medxpert,E,A,B
ID1296,mmlu,A,A,D
ID1297,mmlu,B,B,A
ID1298,medxpert,A,D,D
ID1299,medxpert,A,B,D
ID1301,jama,B,B,A
ID1302,mmlu,D,NONE,B
ID1303,jama,C,B,D
ID1307,medbullets,D,D,C
ID1308,jama,B,D,D
ID1309,medxpert,D,B,B
ID1310,mmlu,D,C,C
ID1311,medxpert,A,C,A
ID1312,medxpert,D,C,C
ID1313,medbullets,D,A,B
ID1314,jama,B,C,C
ID1315,medbullets,C,C,C
ID1316,mmlu,D,NONE,B
ID1318,jama,C,D,B
ID1320,jama,C,B,B
ID1321,jama,B,D,D
ID1324,medxpert,C,C,B
ID1328,medxpert,A,C,C
ID1329,medbullets,B,B,C
ID1330,mmlu,C,C,D
ID1331,mmlu,B,A,B
ID1332,jama,B,B,B
ID1333,medxpert,C,A,B
ID1334,jama,C,B,B
ID1335,mmlu,D,B,B
ID1336,mmlu,B,D,D
ID1337,medbullets,C,D,A
ID1338,medbullets,D,D,C
ID1339,mmlu,C,B,B
ID1340,medxpert,H,C,B
ID1343,medbullets,C,A,B
ID1345,medbullets,C,B,B
ID1346,jama,C,C,D
ID1347,jama,B,A,D
ID1348,jama,C,B,D
ID1349,jama,D,A,C
ID1350,jama,A,B,C
ID1352,jama,B,B,D
ID1353,jama,C,B,C
ID1354,jama,C,A,C
ID1355,mmlu,D,D,D
ID1356,medxpert,C,A,C
ID1357,medxpert,C,C,B
ID1359,jama,A,B,B
ID1360,jama,B,B,B
ID1362,medbullets,B,C,C
ID1366,jama,B,A,C
ID1368,jama,A,C,B
ID1369,medxpert,F,C,D
ID1371,medbullets,C,B,D
ID1373,jama,B,A,A
ID1374,jama,D,D,D
ID1376,jama,C,B,C
ID1377,jama,C,D,B
ID1378,medbullets,A,C,D
ID1380,medxpert,B,C,C
ID1381,jama,B,D,B
ID1382,jama,A,D,C
ID1383,mmlu,A,D,C
ID1384,medbullets,C,D,C
ID1385,medxpert,B,C,C
ID1387,jama,C,A,B
ID1388,jama,C,A,B
ID1389,medxpert,B,B,D
ID1391,jama,B,NONE,C
ID1392,medxpert,E,C,B
ID1394,medbullets,B,C,C
ID1395,medxpert,F,B,B
ID1396,medxpert,G,C,C
ID1397,medbullets,C,C,C
ID1398,jama,B,D,D
ID1399,medxpert,C,C,B
ID1401,jama,B,NONE,A
ID1402,jama,C,C,C
ID1403,jama,B,C,C
ID1405,mmlu,D,C,C
ID1409,medxpert,G,B,B
ID1411,medbullets,D,C,C
ID1413,medbullets,C,B,C
ID1414,medxpert,J,B,B
ID1416,jama,B,C,A
ID1418,mmlu,A,A,B
ID1419,jama,D,B,B
ID1421,mmlu,A,D,C
ID1422,medbullets,A,D,D
ID1423,medxpert,F,C,B
ID1425,mmlu,D,D,D
ID1426,mmlu,D,C,B
ID1428,medxpert,A,C,C
ID1429,jama,A,C,C
ID1430,jama,C,D,C
ID1431,jama,C,B,B
ID1432,medxpert,A,B,C
ID1434,medxpert,H,B,B
ID1438,jama,D,C,D
ID1439,medbullets,B,A,D
ID1442,mmlu,D,B,B
ID1445,mmlu,A,C,C
ID1446,mmlu,D,D,A
ID1448,medxpert,B,C,C
ID1449,medxpert,C,C,B
ID1450,jama,A,A,B
ID1452,medbullets,B,C,B
ID1453,jama,A,D,D
ID1454,mmlu,B,D,C
ID1457,medbullets,A,C,C
ID1458,jama,C,NONE,D
ID1459,jama,A,C,C
ID1460,mmlu,C,D,D
ID1462,medxpert,A,NONE,C
ID1463,medxpert,C,B,D
ID1464,jama,C,C,C
ID1466,mmlu,D,D,B
ID1467,mmlu,B,A,D
ID1468,medbullets,A,B,C
ID1469,jama,C,B,C
ID1474,mmlu,B,B,B
ID1475,medbullets,C,D,D
ID1476,jama,A,B,A
ID1477,jama,B,C,B
ID1479,mmlu,A,NONE,B
ID1480,medbullets,D,A,B
ID1481,jama,A,D,D
ID1483,medxpert,C,A,C
ID1485,jama,C,D,D
ID1486,jama,A,D,D
ID1488,medbullets,D,B,D
ID1489,medbullets,A,A,A
ID1490,medbullets,A,D,A
ID1491,jama,B,A,A
ID1492,medxpert,A,B,B
ID1494,medbullets,B,C,C
ID1495,medbullets,B,C,D
ID1496,medbullets,A,C,C
ID1500,mmlu,C,D,D
ID1501,medxpert,E,D,D
ID1504,medxpert,F,C,B
ID1505,jama,C,C,C
ID1506,mmlu,A,B,B
ID1507,mmlu,C,A,C
ID1508,medbullets,D,D,D
ID1510,jama,B,C,A
ID1513,jama,D,D,D
ID1514,jama,A,A,D
ID1515,mmlu,A,B,B
ID1517,jama,B,NONE,B
ID1518,jama,D,B,D
ID1520,jama,C,B,B
ID1524,mmlu,C,D,D
ID1525,jama,C,A,C
ID1526,medbullets,C,C,C
ID1529,jama,C,B,C
ID1530,jama,D,B,B
ID1531,jama,C,B,C
ID1532,jama,B,C,C
ID1533,jama,C,C,C
ID1534,medbullets,C,C,C
ID1536,medbullets,D,C,C
ID1538,jama,B,B,B
ID1539,medbullets,D,B,C
ID1540,jama,C,D,B
ID1541,medbullets,C,B,C
ID1543,mmlu,A,D,D
ID1544,mmlu,C,B,A
ID1545,jama,B,B,D
ID1550,jama,A,A,B
ID1551,jama,A,D,B
ID1552,medbullets,D,C,D
ID1553,medbullets,A,D,B
ID1555,jama,D,A,C
ID1557,medxpert,H,B,C
ID1558,jama,B,C,C
ID1559,medxpert,G,B,B
ID1560,jama,D,B,B
ID1561,jama,C,A,B
ID1565,medbullets,B,C,C
ID1566,medbullets,A,C,D
ID1567,medxpert,B,D,C
ID1569,mmlu,C,D,B
ID1570,medbullets,C,C,C
ID1571,medxpert,B,A,B
ID1572,medxpert,G,A,C
ID1573,jama,C,D,D
ID1574,jama,C,B,B
ID1575,jama,C,B,B
ID1578,medxpert,A,B,C
ID1580,medxpert,G,B,D
ID1581,jama,D,C,C
ID1582,medxpert,G,B,A
ID1583,mmlu,A,D,D
ID1584,jama,D,D,D
ID1585,jama,C,B,B
ID1586,mmlu,D,C,B
ID1587,mmlu,D,C,C
ID1588,jama,D,C,B
ID1590,mmlu,D,B,B
ID1591,medxpert,I,B,B
ID1593,medxpert,D,D,C
ID1594,jama,C,C,C
ID1596,mmlu,D,B,B
ID1599,medbullets,C,B,C
ID1601,jama,C,C,B
ID1602,medbullets,A,C,A
ID1605,jama,C,C,D
ID1607,jama,C,D,A
ID1610,jama,B,C,C
ID1612,jama,C,C,C
ID1613,mmlu,D,B,B
ID1614,medxpert,F,B,A
ID1617,medxpert,C,D,C
ID1618,jama,A,D,A
ID1622,mmlu,D,NONE,C
ID1625,medxpert,H,D,D
ID1629,medbullets,C,C,B
ID1632,medbullets,D,C,B
ID1633,mmlu,A,B,C
ID1634,medbullets,B,A,A
ID1636,medbullets,A,C,C
ID1637,medbullets,A,B,A
ID1638,jama,B,D,D
ID1640,medxpert,A,A,A
ID1641,jama,D,C,A
ID1645,jama,B,B,D
ID1646,medxpert,C,B,D
ID1650,mmlu,B,B,C
ID1651,jama,D,C,C
ID1652,jama,A,A,A
ID1653,jama,B,D,A
ID1654,medxpert,B,A,B
ID1655,jama,D,NONE,A
ID1656,medxpert,J,C,A
ID1659,jama,B,B,A
ID1660,mmlu,C,B,D
ID1662,mmlu,D,B,B
ID1663,jama,D,C,B
ID1664,jama,D,B,B
ID1666,medbullets,A,D,D
ID1667,medxpert,F,A,A
ID1668,medbullets,C,A,C
ID1671,jama,C,C,A
ID1672,jama,D,A,A
ID1673,medxpert,G,B,B
ID1674,jama,A,NONE,A
ID1676,medxpert,B,A,D
ID1678,jama,B,D,B
ID1679,jama,D,D,C
ID1680,jama,A,D,D
ID1683,jama,B,A,C
ID1684,medxpert,E,A,C
ID1685,medbullets,C,D,D
ID1687,medxpert,C,C,C
ID1688,mmlu,C,NONE,C
ID1689,jama,A,C,C
ID1691,medxpert,B,D,D
ID1692,jama,C,B,B
ID1693,medbullets,C,D,D
ID1694,medxpert,H,B,B
ID1695,jama,B,C,C
ID1696,medxpert,F,B,C
ID1697,jama,C,C,C
ID1698,medxpert,G,D,D
ID1699,jama,D,C,C
ID1700,mmlu,D,A,A
ID1701,mmlu,B,B,A
ID1702,jama,D,A,A
ID1704,medbullets,C,C,D
ID1706,medbullets,B,C,C
ID1710,jama,B,C,B
ID1711,jama,A,D,D
ID1712,medxpert,C,D,D
ID1713,jama,C,B,B
ID1714,jama,,B,D
ID1715,mmlu,D,B,C
ID1716,jama,A,C,C
ID1717,medxpert,A,D,A
ID1718,medbullets,C,D,D
ID1722,medxpert,A,A,A
ID1724,medxpert,B,A,B
ID1725,mmlu,D,B,A
ID1727,medxpert,G,C,C
ID1728,jama,D,D,D
ID1732,jama,C,D,D
ID1734,jama,D,D,D
ID1738,medbullets,A,NONE,C
ID1741,medxpert,F,C,B
ID1742,medxpert,C,B,B
ID1743,medxpert,A,B,B
ID1744,medxpert,A,A,A
ID1746,medxpert,I,B,D
ID1747,jama,B,C,A
ID1749,mmlu,D,A,A
ID1750,medxpert,C,B,A
ID1751,medxpert,A,A,B
ID1755,medxpert,F,NONE,D
ID1756,jama,A,A,A
ID1757,medxpert,C,A,C
ID1758,medxpert,G,B,B
ID1761,jama,B,B,B
ID1762,jama,B,C,C
ID1765,jama,C,B,B
ID1766,medxpert,E,B,B
ID1767,medxpert,J,D,D
ID1768,medbullets,C,B,C
ID1769,jama,C,B,B
ID1772,medxpert,E,C,C
ID1773,medxpert,F,NONE,C
ID1774,mmlu,B,C,C
ID1775,medxpert,C,A,A
ID1776,medxpert,B,NONE,D
ID1777,medxpert,H,D,D
ID1778,medxpert,C,A,A
ID1779,medxpert,F,NONE,B
ID1783,medxpert,H,C,C
ID1786,medbullets,C,A,A
ID1787,jama,B,D,D
ID1788,mmlu,D,B,B
ID1789,medxpert,C,A,A
ID1790,jama,B,D,D
ID1791,jama,C,B,B
ID1792,jama,C,A,A
ID1793,mmlu,A,B,B
ID1795,medxpert,E,NONE,B
ID1797,jama,B,D,A
ID1798,mmlu,A,NONE,C
ID1799,jama,A,A,A
ID1800,mmlu,A,A,C
ID1802,jama,C,A,B
ID1807,jama,B,C,D
ID1808,mmlu,B,D,D
ID1809,jama,C,B,B
ID1811,jama,B,A,A
ID1812,medbullets,A,B,A
ID1817,medxpert,A,B,D
ID1818,mmlu,B,C,B
ID1819,jama,C,B,B
ID1820,jama,B,C,C
ID1821,medbullets,D,NONE,C
ID1822,medbullets,C,NONE,C
ID1823,jama,B,D,B
ID1824,medbullets,C,D,D
ID1825,medxpert,G,C,C
ID1826,mmlu,C,D,A
ID1827,mmlu,D,C,D
ID1829,jama,C,C,C
ID1830,medxpert,A,A,C
ID1831,jama,A,NONE,D
ID1833,medbullets,A,B,B
ID1834,medxpert,B,D,D
ID1835,jama,B,C,C
ID1836,jama,C,A,C
ID1837,jama,B,B,B
ID1838,medbullets,C,C,B
ID1840,medxpert,D,C,C
ID1841,jama,A,C,C
ID1842,jama,B,D,D
ID1843,mmlu,D,C,B
ID1845,medbullets,D,D,D
ID1846,medbullets,C,D,C
ID1847,jama,C,C,B
ID1848,jama,C,C,C
ID1849,mmlu,B,D,D
ID1850,jama,B,NONE,B
ID1851,mmlu,C,B,B
ID1852,jama,C,C,C
ID1855,jama,C,D,D
ID1856,jama,A,NONE,D
ID1858,medxpert,C,C,C
ID1859,jama,B,B,B
ID1860,jama,B,D,D
ID1862,mmlu,D,D,D
ID1863,mmlu,B,C,D
ID1865,jama,C,A,A
ID1866,mmlu,A,A,A
ID1868,jama,D,B,B
ID1870,jama,C,B,A
ID1871,medxpert,H,B,B
ID1873,mmlu,D,A,A
ID1874,mmlu,A,D,B
ID1875,jama,D,A,A
ID1876,jama,C,A,A
ID1879,jama,B,B,B
ID1880,medbullets,C,B,B
ID1881,mmlu,A,B,B
ID1882,medbullets,C,A,A
ID1886,medxpert,A,C,A
ID1887,jama,C,B,B
ID1888,medxpert,A,C,A
ID1889,mmlu,C,C,B
ID1890,medxpert,C,A,B
ID1892,medxpert,G,C,C
ID1893,jama,C,D,D
ID1895,medbullets,C,B,B
ID1896,medxpert,B,B,B
ID1898,medbullets,C,C,C
ID1899,jama,C,D,C
ID1900,jama,C,B,B
ID1902,jama,C,A,A
ID1903,jama,C,D,D
ID1904,jama,D,A,A
ID1905,medxpert,F,D,A
ID1908,mmlu,C,B,C
ID1909,jama,C,C,D
ID1910,medxpert,C,NONE,D
ID1911,mmlu,B,NONE,B
ID1912,mmlu,D,A,A
ID1913,medxpert,G,C,C
ID1915,medxpert,C,C,C
ID1917,jama,B,D,D
ID1918,jama,C,D,D
ID1919,medbullets,D,B,B
ID1923,medxpert,E,B,B
ID1924,medxpert,F,NONE,C
ID1925,jama,C,D,D
ID1927,medbullets,B,C,C
ID1928,jama,C,D,C
ID1929,medxpert,B,D,D
ID1931,jama,C,D,D
ID1932,jama,B,C,C
ID1933,jama,C,A,A
ID1934,jama,A,B,B
ID1937,jama,B,A,D
ID1938,medbullets,B,C,C
ID1940,jama,A,D,D
ID1941,medxpert,A,D,C
ID1944,medxpert,I,B,B
ID1945,medbullets,B,D,D
ID1946,medxpert,F,C,A
ID1947,medxpert,F,A,C
ID1948,medxpert,H,D,D
ID1949,jama,C,NONE,A
ID1951,jama,C,B,C
ID1952,medbullets,C,C,A
ID1953,jama,B,C,C
ID1955,medbullets,D,D,D
ID1956,jama,C,A,A
ID1957,medxpert,E,A,A
ID1958,medxpert,B,D,C
ID1959,jama,D,C,B
ID1962,medxpert,C,A,A
ID1963,medbullets,B,C,C
ID1965,jama,C,NONE,D
ID1966,jama,A,D,B
ID1969,mmlu,C,A,A
ID1970,jama,B,A,A
ID1972,mmlu,C,NONE,D
ID1974,medbullets,C,A,A
ID1975,medxpert,F,D,A
ID1976,medxpert,C,B,B
ID1977,jama,D,B,B
ID1979,medxpert,G,C,A
ID1980,medxpert,G,B,C
ID1981,jama,C,C,A
ID1983,medbullets,C,B,B
ID1984,mmlu,D,NONE,D
ID1986,jama,C,B,B
ID1987,medxpert,H,D,C
ID1989,mmlu,B,D,D
ID1990,jama,A,B,B
ID1991,jama,A,C,C
ID1993,mmlu,C,D,C
ID1994,medxpert,E,A,D
ID1995,mmlu,D,D,A
ID1996,mmlu,D,C,C
ID1997,medxpert,C,C,C
ID1998,medbullets,A,D,D
ID1999,medxpert,C,B,A