"Case ID","Origin","Origin Created At","Content ID","URL","Labeling State","Has Consensus?","Qualified Reads","Correct Label","Majority Label","Difficulty","Agreement","Static Highlight Ranges","First Choice Answer","First Choice Votes","First Choice Weight","Second Choice Answer","Second Choice Votes","Second Choice Weight","Third Choice Answer","Third Choice Votes","Third Choice Weight","Fourth Choice Answer","Fourth Choice Votes","Fourth Choice Weight","Fifth Choice Answer","Fifth Choice Votes","Fifth Choice Weight","Sixth Choice Answer","Sixth Choice Votes","Sixth Choice Weight","Seventh Choice Answer","Seventh Choice Votes","Seventh Choice Weight","Eighth Choice Answer","Eighth Choice Votes","Eighth Choice Weight","Pre-Answer Explainer","Internal Notes","Comments","Flags","Explanation","Series","Series Index","Patch","DICOM Study UID","DICOM Series UID","DICOM Instance UID","Tags"
"25734071","ID239","2025-05-12 21:56:13+00:00","58431295","https://go.centaurlabs.com/task/5166/case/25734071","Labeled","Yes","3","'b'","'b'","","0.667","","'b'","2","0.02","'j'","1","0.01","'a'","0","0.0","'c'","0","0.0","'d'","0","0.0","'e'","0","0.0","'f'","0","0.0","'g'","0","0.0","","","[]","[]","","","","","","","","[]"
"25734072","ID222","2025-05-12 21:56:13+00:00","58431294","https://go.centaurlabs.com/task/5166/case/25734072","Labeled","Yes","3","'b'","'b'","","0.667","","'b'","2","0.02","'j'","1","0.01","'a'","0","0.0","'c'","0","0.0","'d'","0","0.0","'e'","0","0.0","'f'","0","0.0","'g'","0","0.0","","","[]","[{'messages': ['incomplete history - no age no sex no pmhx,'], 'labeler_id': 591924}]","","","","","","","","[]"
"25734073","ID197","2025-05-12 21:56:13+00:00","58431293","https://go.centaurlabs.com/task/5166/case/25734073","Labeled","Yes","3","'a'","'a'","","0.667","","'a'","2","0.02","'i'","1","0.01","'b'","0","0.0","'c'","0","0.0","'d'","0","0.0","'e'","0","0.0","'f'","0","0.0","'g'","0","0.0","","","[]","[]","","","","","","","","[]"
"25734074","ID128","2025-05-12 21:56:13+00:00","58431292","https://go.centaurlabs.com/task/5166/case/25734074","Labeled","Yes","3","'g'","'g'","","0.667","","'g'","2","0.02","'i'","1","0.01","'a'","0","0.0","'b'","0","0.0","'c'","0","0.0","'d'","0","0.0","'e'","0","0.0","'f'","0","0.0","","","[]","[]","","","","","","","","[]"
"25734075","ID100","2025-05-12 21:56:13+00:00","58431291","https://go.centaurlabs.com/task/5166/case/25734075","Labeled","Yes","3","'i'","'i'","","0.333","","'a'","1","0.01","'e'","1","0.01","'i'","1","0.01","'b'","0","0.0","'c'","0","0.0","'d'","0","0.0","'f'","0","0.0","'g'","0","0.0","","","[]","[]","","","","","","","","[]"
"25734076","ID096","2025-05-12 21:56:13+00:00","58431290","https://go.centaurlabs.com/task/5166/case/25734076","Labeled","Yes","3","'g'","'g'","","0.667","","'g'","2","0.02","'j'","1","0.01","'a'","0","0.0","'b'","0","0.0","'c'","0","0.0","'d'","0","0.0","'e'","0","0.0","'f'","0","0.0","","","[]","[]","","","","","","","","[]"
"25734077","ID094","2025-05-12 21:56:13+00:00","58431289","https://go.centaurlabs.com/task/5166/case/25734077","Labeled","Yes","3","'j'","'j'","","0.333","","'g'","1","0.01","'h'","1","0.01","'j'","1","0.01","'a'","0","0.0","'b'","0","0.0","'c'","0","0.0","'d'","0","0.0","'e'","0","0.0","","","[]","[]","","","","","","","","[]"
"25734078","ID060","2025-05-12 21:56:13+00:00","58431288","https://go.centaurlabs.com/task/5166/case/25734078","Labeled","Yes","3","'f'","'f'","","0.333","","'e'","1","0.01","'f'","1","0.01","'i'","1","0.01","'a'","0","0.0","'b'","0","0.0","'c'","0","0.0","'d'","0","0.0","'g'","0","0.0","","","[]","[]","","","","","","","","[]"
"25734079","ID044","2025-05-12 21:56:13+00:00","58431287","https://go.centaurlabs.com/task/5166/case/25734079","Labeled","Yes","3","'a'","'a'","","0.667","","'a'","2","0.02","'f'","1","0.01","'b'","0","0.0","'c'","0","0.0","'d'","0","0.0","'e'","0","0.0","'g'","0","0.0","'h'","0","0.0","","","[]","[]","","","","","","","","[]"
"25734080","ID231","2025-05-12 21:56:13+00:00","58431286","https://go.centaurlabs.com/task/5166/case/25734080","Labeled","Yes","3","'c'","'c'","","0.333","","'c'","1","0.01","'f'","1","0.01","'j'","1","0.01","'a'","0","0.0","'b'","0","0.0","'d'","0","0.0","'e'","0","0.0","'g'","0","0.0","","","[]","[]","","","","","","","","[]"
"25734081","ID228","2025-05-12 21:56:13+00:00","58431285","https://go.centaurlabs.com/task/5166/case/25734081","Labeled","Yes","3","'j'","'j'","","0.667","","'j'","2","0.02","'a'","1","0.01","'b'","0","0.0","'c'","0","0.0","'d'","0","0.0","'e'","0","0.0","'f'","0","0.0","'g'","0","0.0","","","[]","[]","","","","","","","","[]"
"25734082","ID194","2025-05-12 21:56:13+00:00","58431284","https://go.centaurlabs.com/task/5166/case/25734082","Labeled","Yes","3","'a'","'a'","","0.667","","'a'","2","0.02","'d'","1","0.01","'b'","0","0.0","'c'","0","0.0","'e'","0","0.0","'f'","0","0.0","'g'","0","0.0","'h'","0","0.0","","","[]","[{'messages': ['incomplete info'], 'labeler_id': 591924}]","","","","","","","","[]"
"25734083","ID192","2025-05-12 21:56:13+00:00","58431283","https://go.centaurlabs.com/task/5166/case/25734083","Labeled","Yes","3","'e'","'e'","","0.333","","'d'","1","0.01","'e'","1","0.01","'i'","1","0.01","'a'","0","0.0","'b'","0","0.0","'c'","0","0.0","'f'","0","0.0","'g'","0","0.0","","","[]","[]","","","","","","","","[]"
"25734084","ID157","2025-05-12 21:56:13+00:00","58431282","https://go.centaurlabs.com/task/5166/case/25734084","Labeled","Yes","3","'f'","'f'","","0.333","","'a'","1","0.01","'f'","1","0.01","'i'","1","0.01","'b'","0","0.0","'c'","0","0.0","'d'","0","0.0","'e'","0","0.0","'g'","0","0.0","","","[]","[]","","","","","","","","[]"
"25734085","ID113","2025-05-12 21:56:13+00:00","58431281","https://go.centaurlabs.com/task/5166/case/25734085","Labeled","Yes","3","'i'","'i'","","0.333","","'d'","1","0.01","'h'","1","0.01","'i'","1","0.01","'a'","0","0.0","'b'","0","0.0","'c'","0","0.0","'e'","0","0.0","'f'","0","0.0","","","[]","[]","","","","","","","","[]"
"25734086","ID105","2025-05-12 21:56:13+00:00","58431280","https://go.centaurlabs.com/task/5166/case/25734086","Labeled","Yes","3","'f'","'f'","","0.333","","'b'","1","0.01","'f'","1","0.01","'i'","1","0.01","'a'","0","0.0","'c'","0","0.0","'d'","0","0.0","'e'","0","0.0","'g'","0","0.0","","","[]","[]","","","","","","","","[]"
"25734087","ID051","2025-05-12 21:56:13+00:00","58431279","https://go.centaurlabs.com/task/5166/case/25734087","Labeled","Yes","3","'b'","'b'","","0.667","","'b'","2","0.02","'c'","1","0.01","'a'","0","0.0","'d'","0","0.0","'e'","0","0.0","'f'","0","0.0","'g'","0","0.0","'h'","0","0.0","","","[]","[]","","","","","","","","[]"
"25734088","ID042","2025-05-12 21:56:13+00:00","58431278","https://go.centaurlabs.com/task/5166/case/25734088","Labeled","Yes","3","'b'","'b'","","0.333","","'a'","1","0.01","'b'","1","0.01","'j'","1","0.01","'c'","0","0.0","'d'","0","0.0","'e'","0","0.0","'f'","0","0.0","'g'","0","0.0","","","[]","[]","","","","","","","","[]"
"25734089","ID008","2025-05-12 21:56:13+00:00","58431277","https://go.centaurlabs.com/task/5166/case/25734089","Labeled","Yes","3","'d'","'d'","","1.0","","'d'","3","0.03","'a'","0","0.0","'b'","0","0.0","'c'","0","0.0","'e'","0","0.0","'f'","0","0.0","'g'","0","0.0","'h'","0","0.0","","","[]","[]","","","","","","","","[]"
"25734090","ID005","2025-05-12 21:56:13+00:00","58431276","https://go.centaurlabs.com/task/5166/case/25734090","Labeled","Yes","3","'b'","'b'","","0.667","","'b'","2","0.02","'i'","1","0.01","'a'","0","0.0","'c'","0","0.0","'d'","0","0.0","'e'","0","0.0","'f'","0","0.0","'g'","0","0.0","","","[]","[]","","","","","","","","[]"
"25734091","ID003","2025-05-12 21:56:13+00:00","58431275","https://go.centaurlabs.com/task/5166/case/25734091","Labeled","Yes","3","'i'","'i'","","1.0","","'i'","3","0.03","'a'","0","0.0","'b'","0","0.0","'c'","0","0.0","'d'","0","0.0","'e'","0","0.0","'f'","0","0.0","'g'","0","0.0","","","[]","[]","","","","","","","","[]"
"25734092","ID229","2025-05-12 21:56:13+00:00","58431274","https://go.centaurlabs.com/task/5166/case/25734092","Labeled","Yes","3","'j'","'j'","","0.667","","'j'","2","0.02","'g'","1","0.01","'a'","0","0.0","'b'","0","0.0","'c'","0","0.0","'d'","0","0.0","'e'","0","0.0","'f'","0","0.0","","","[]","[]","","","","","","","","[]"
"25734093","ID139","2025-05-12 21:56:13+00:00","58431273","https://go.centaurlabs.com/task/5166/case/25734093","Labeled","Yes","3","'a'","'a'","","1.0","","'a'","3","0.03","'b'","0","0.0","'c'","0","0.0","'d'","0","0.0","'e'","0","0.0","'f'","0","0.0","'g'","0","0.0","'h'","0","0.0","","","[{'messages': ['an osteopathic type question - i am an allopathic student'], 'labeler_id': 591931}]","[]","","","","","","","","[]"
"25734094","ID137","2025-05-12 21:56:13+00:00","58431272","https://go.centaurlabs.com/task/5166/case/25734094","Labeled","Yes","3","'c'","'c'","","0.333","","'c'","1","0.01","'e'","1","0.01","'f'","1","0.01","'a'","0","0.0","'b'","0","0.0","'d'","0","0.0","'g'","0","0.0","'h'","0","0.0","","","[]","[]","","","","","","","","[]"
"25734095","ID121","2025-05-12 21:56:13+00:00","58431271","https://go.centaurlabs.com/task/5166/case/25734095","Labeled","Yes","3","'d'","'d'","","1.0","","'d'","3","0.03","'a'","0","0.0","'b'","0","0.0","'c'","0","0.0","'e'","0","0.0","'f'","0","0.0","'g'","0","0.0","'h'","0","0.0","","","[]","[]","","","","","","","","[]"
"25734096","ID085","2025-05-12 21:56:13+00:00","58431270","https://go.centaurlabs.com/task/5166/case/25734096","Labeled","Yes","3","'h'","'h'","","0.333","","'a'","1","0.01","'d'","1","0.01","'h'","1","0.01","'b'","0","0.0","'c'","0","0.0","'e'","0","0.0","'f'","0","0.0","'g'","0","0.0","","","[]","[]","","","","","","","","[]"
"25734097","ID077","2025-05-12 21:56:13+00:00","58431269","https://go.centaurlabs.com/task/5166/case/25734097","Labeled","Yes","3","'a'","'a'","","1.0","","'a'","3","0.03","'b'","0","0.0","'c'","0","0.0","'d'","0","0.0","'e'","0","0.0","'f'","0","0.0","'g'","0","0.0","'h'","0","0.0","","","[]","[]","","","","","","","","[]"
"25734098","ID076","2025-05-12 21:56:13+00:00","58431268","https://go.centaurlabs.com/task/5166/case/25734098","Labeled","Yes","3","'h'","'h'","","0.667","","'h'","2","0.02","'g'","1","0.01","'a'","0","0.0","'b'","0","0.0","'c'","0","0.0","'d'","0","0.0","'e'","0","0.0","'f'","0","0.0","","","[]","[]","","","","","","","","[]"
"25734099","ID019","2025-05-12 21:56:13+00:00","58431267","https://go.centaurlabs.com/task/5166/case/25734099","Labeled","Yes","3","'a'","'a'","","0.667","","'a'","2","0.02","'h'","1","0.01","'b'","0","0.0","'c'","0","0.0","'d'","0","0.0","'e'","0","0.0","'f'","0","0.0","'g'","0","0.0","","","[]","[]","","","","","","","","[]"
"25734100","ID016","2025-05-12 21:56:13+00:00","58431266","https://go.centaurlabs.com/task/5166/case/25734100","Labeled","Yes","3","'i'","'i'","","0.667","","'i'","2","0.02","'a'","1","0.01","'b'","0","0.0","'c'","0","0.0","'d'","0","0.0","'e'","0","0.0","'f'","0","0.0","'g'","0","0.0","","","[]","[]","","","","","","","","[]"
"25734101","ID126","2025-05-12 21:56:13+00:00","58431265","https://go.centaurlabs.com/task/5166/case/25734101","Labeled","Yes","3","'d'","'d'","","0.667","","'d'","2","0.02","'g'","1","0.01","'a'","0","0.0","'b'","0","0.0","'c'","0","0.0","'e'","0","0.0","'f'","0","0.0","'h'","0","0.0","","","[]","[]","","","","","","","","[]"
"25734102","ID124","2025-05-12 21:56:13+00:00","58431264","https://go.centaurlabs.com/task/5166/case/25734102","Labeled","Yes","3","'g'","'g'","","0.667","","'g'","2","0.02","'b'","1","0.01","'a'","0","0.0","'c'","0","0.0","'d'","0","0.0","'e'","0","0.0","'f'","0","0.0","'h'","0","0.0","","","[]","[]","","","","","","","","[]"
"25734103","ID118","2025-05-12 21:56:13+00:00","58431263","https://go.centaurlabs.com/task/5166/case/25734103","Labeled","Yes","3","'b'","'b'","","0.333","","'b'","1","0.01","'c'","1","0.01","'g'","1","0.01","'a'","0","0.0","'d'","0","0.0","'e'","0","0.0","'f'","0","0.0","'h'","0","0.0","","","[]","[]","","","","","","","","[]"
"25734104","ID106","2025-05-12 21:56:13+00:00","58431262","https://go.centaurlabs.com/task/5166/case/25734104","Labeled","Yes","3","'f'","'f'","","0.333","","'a'","1","0.01","'c'","1","0.01","'f'","1","0.01","'b'","0","0.0","'d'","0","0.0","'e'","0","0.0","'g'","0","0.0","'h'","0","0.0","","","[]","[]","","","","","","","","[]"
"25734105","ID068","2025-05-12 21:56:13+00:00","58431261","https://go.centaurlabs.com/task/5166/case/25734105","Labeled","Yes","3","'g'","'g'","","0.667","","'g'","2","0.02","'d'","1","0.01","'a'","0","0.0","'b'","0","0.0","'c'","0","0.0","'e'","0","0.0","'f'","0","0.0","'h'","0","0.0","","","[]","[]","","","","","","","","[]"
"25734106","ID065","2025-05-12 21:56:13+00:00","58431260","https://go.centaurlabs.com/task/5166/case/25734106","Labeled","Yes","3","'e'","'e'","","0.667","","'e'","2","0.02","'g'","1","0.01","'a'","0","0.0","'b'","0","0.0","'c'","0","0.0","'d'","0","0.0","'f'","0","0.0","'h'","0","0.0","","","[]","[{'messages': ['no patient details'], 'labeler_id': 591924}]","","","","","","","","[]"
"25734107","ID059","2025-05-12 21:56:13+00:00","58431259","https://go.centaurlabs.com/task/5166/case/25734107","Labeled","Yes","3","'a'","'a'","","0.333","","'a'","1","0.01","'d'","1","0.01","'f'","1","0.01","'b'","0","0.0","'c'","0","0.0","'e'","0","0.0","'g'","0","0.0","'h'","0","0.0","","","[]","[]","","","","","","","","[]"
"25734108","ID057","2025-05-12 21:56:13+00:00","58431258","https://go.centaurlabs.com/task/5166/case/25734108","Labeled","Yes","3","'c'","'c'","","0.667","","'c'","2","0.02","'g'","1","0.01","'a'","0","0.0","'b'","0","0.0","'d'","0","0.0","'e'","0","0.0","'f'","0","0.0","'h'","0","0.0","","","[]","[]","","","","","","","","[]"
"25734109","ID046","2025-05-12 21:56:13+00:00","58431257","https://go.centaurlabs.com/task/5166/case/25734109","Labeled","Yes","3","'f'","'f'","","0.667","","'f'","2","0.02","'g'","1","0.01","'a'","0","0.0","'b'","0","0.0","'c'","0","0.0","'d'","0","0.0","'e'","0","0.0","'h'","0","0.0","","","[]","[]","","","","","","","","[]"
"25734110","ID247","2025-05-12 21:56:13+00:00","58431256","https://go.centaurlabs.com/task/5166/case/25734110","Labeled","Yes","3","'f'","'f'","","0.667","","'f'","2","0.02","'c'","1","0.01","'a'","0","0.0","'b'","0","0.0","'d'","0","0.0","'e'","0","0.0","'g'","0","0.0","'h'","0","0.0","","","[]","[]","","","","","","","","[]"
"25734111","ID232","2025-05-12 21:56:13+00:00","58431255","https://go.centaurlabs.com/task/5166/case/25734111","Labeled","Yes","3","'g'","'g'","","0.333","","'e'","1","0.01","'f'","1","0.01","'g'","1","0.01","'a'","0","0.0","'b'","0","0.0","'c'","0","0.0","'d'","0","0.0","'h'","0","0.0","","","[]","[{'messages': ['incomplete info'], 'labeler_id': 591924}]","","","","","","","","[]"
"25734112","ID083","2025-05-12 21:56:13+00:00","58431254","https://go.centaurlabs.com/task/5166/case/25734112","Labeled","Yes","3","'f'","'f'","","0.667","","'f'","2","0.02","'e'","1","0.01","'a'","0","0.0","'b'","0","0.0","'c'","0","0.0","'d'","0","0.0","'g'","0","0.0","'h'","0","0.0","","","[]","[]","","","","","","","","[]"
"25734113","ID081","2025-05-12 21:56:13+00:00","58431253","https://go.centaurlabs.com/task/5166/case/25734113","Labeled","Yes","3","'f'","'f'","","0.333","","'b'","1","0.01","'f'","1","0.01","'i'","1","0.01","'a'","0","0.0","'c'","0","0.0","'d'","0","0.0","'e'","0","0.0","'g'","0","0.0","","","[]","[]","","","","","","","","[]"
"25734114","ID072","2025-05-12 21:56:13+00:00","58431252","https://go.centaurlabs.com/task/5166/case/25734114","Labeled","Yes","3","'d'","'d'","","0.667","","'d'","2","0.02","'h'","1","0.01","'a'","0","0.0","'b'","0","0.0","'c'","0","0.0","'e'","0","0.0","'f'","0","0.0","'g'","0","0.0","","","[{'messages': ['not enough in the question stem to answer this accurately'], 'labeler_id': 591931}]","[]","","","","","","","","[]"
"25734115","ID033","2025-05-12 21:56:13+00:00","58431251","https://go.centaurlabs.com/task/5166/case/25734115","Labeled","Yes","3","'f'","'f'","","0.333","","'b'","1","0.01","'f'","1","0.01","'g'","1","0.01","'a'","0","0.0","'c'","0","0.0","'d'","0","0.0","'e'","0","0.0","'h'","0","0.0","","","[]","[]","","","","","","","","[]"
"25734116","ID023","2025-05-12 21:56:13+00:00","58431250","https://go.centaurlabs.com/task/5166/case/25734116","Labeled","Yes","3","'f'","'f'","","0.667","","'f'","2","0.02","'b'","1","0.01","'a'","0","0.0","'c'","0","0.0","'d'","0","0.0","'e'","0","0.0","'g'","0","0.0","'h'","0","0.0","","","[]","[]","","","","","","","","[]"
"25734117","ID230","2025-05-12 21:56:13+00:00","58431249","https://go.centaurlabs.com/task/5166/case/25734117","Labeled","Yes","3","'e'","'e'","","1.0","","'e'","3","0.03","'a'","0","0.0","'b'","0","0.0","'c'","0","0.0","'d'","0","0.0","'f'","0","0.0","'g'","0","0.0","'h'","0","0.0","","","[]","[]","","","","","","","","[]"
"25734118","ID176","2025-05-12 21:56:13+00:00","58431248","https://go.centaurlabs.com/task/5166/case/25734118","Labeled","Yes","3","'d'","'d'","","0.333","","'d'","1","0.01","'e'","1","0.01","'g'","1","0.01","'a'","0","0.0","'b'","0","0.0","'c'","0","0.0","'f'","0","0.0","'h'","0","0.0","","","[]","[]","","","","","","","","[]"
"25734119","ID162","2025-05-12 21:56:13+00:00","58431247","https://go.centaurlabs.com/task/5166/case/25734119","Labeled","Yes","3","'g'","'g'","","0.333","","'c'","1","0.01","'d'","1","0.01","'g'","1","0.01","'a'","0","0.0","'b'","0","0.0","'e'","0","0.0","'f'","0","0.0","'h'","0","0.0","","","[]","[]","","","","","","","","[]"
"25734120","ID156","2025-05-12 21:56:13+00:00","58431246","https://go.centaurlabs.com/task/5166/case/25734120","Labeled","Yes","3","'c'","'c'","","1.0","","'c'","3","0.03","'a'","0","0.0","'b'","0","0.0","'d'","0","0.0","'e'","0","0.0","'f'","0","0.0","'g'","0","0.0","'h'","0","0.0","","","[]","[]","","","","","","","","[]"
"25734121","ID119","2025-05-12 21:56:13+00:00","58431245","https://go.centaurlabs.com/task/5166/case/25734121","Labeled","Yes","3","'b'","'b'","","1.0","","'b'","3","0.03","'a'","0","0.0","'c'","0","0.0","'d'","0","0.0","'e'","0","0.0","'f'","0","0.0","'g'","0","0.0","'h'","0","0.0","","","[]","[]","","","","","","","","[]"
"25734122","ID111","2025-05-12 21:56:13+00:00","58431244","https://go.centaurlabs.com/task/5166/case/25734122","Labeled","Yes","3","'e'","'e'","","0.333","","'a'","1","0.01","'c'","1","0.01","'e'","1","0.01","'b'","0","0.0","'d'","0","0.0","'f'","0","0.0","'g'","0","0.0","'h'","0","0.0","","","[]","[]","","","","","","","","[]"
"25734123","ID108","2025-05-12 21:56:13+00:00","58431243","https://go.centaurlabs.com/task/5166/case/25734123","Labeled","Yes","3","'b'","'b'","","1.0","","'b'","3","0.03","'a'","0","0.0","'c'","0","0.0","'d'","0","0.0","'e'","0","0.0","'f'","0","0.0","'g'","0","0.0","'h'","0","0.0","","","[]","[]","","","","","","","","[]"
"25734124","ID071","2025-05-12 21:56:13+00:00","58431242","https://go.centaurlabs.com/task/5166/case/25734124","Labeled","Yes","3","'b'","'b'","","0.333","","'b'","1","0.01","'e'","1","0.01","'i'","1","0.01","'a'","0","0.0","'c'","0","0.0","'d'","0","0.0","'f'","0","0.0","'g'","0","0.0","","","[]","[]","","","","","","","","[]"
"25734125","ID048","2025-05-12 21:56:13+00:00","58431241","https://go.centaurlabs.com/task/5166/case/25734125","Labeled","Yes","3","'e'","'e'","","0.333","","'d'","1","0.01","'e'","1","0.01","'i'","1","0.01","'a'","0","0.0","'b'","0","0.0","'c'","0","0.0","'f'","0","0.0","'g'","0","0.0","","","[]","[{'messages': ['incomplete info'], 'labeler_id': 591924}]","","","","","","","","[]"
"25734126","ID245","2025-05-12 21:56:13+00:00","58431240","https://go.centaurlabs.com/task/5166/case/25734126","Labeled","Yes","3","'d'","'d'","","0.667","","'d'","2","0.02","'b'","1","0.01","'a'","0","0.0","'c'","0","0.0","'e'","0","0.0","'f'","0","0.0","'g'","0","0.0","'h'","0","0.0","","","[]","[{'messages': ['cant see answer choices'], 'labeler_id': 591914}]","","","","","","","","[]"
"25734127","ID244","2025-05-12 21:56:13+00:00","58431239","https://go.centaurlabs.com/task/5166/case/25734127","Labeled","Yes","3","'e'","'e'","","0.333","","'b'","1","0.01","'e'","1","0.01","'i'","1","0.01","'a'","0","0.0","'c'","0","0.0","'d'","0","0.0","'f'","0","0.0","'g'","0","0.0","","","[]","[]","","","","","","","","[]"
"25734128","ID242","2025-05-12 21:56:13+00:00","58431238","https://go.centaurlabs.com/task/5166/case/25734128","Labeled","Yes","4","'d'","'d'","","1.0","","'d'","4","0.04","'a'","0","0.0","'b'","0","0.0","'c'","0","0.0","'e'","0","0.0","'f'","0","0.0","'g'","0","0.0","'h'","0","0.0","","","[]","[]","","","","","","","","[]"
"25734129","ID225","2025-05-12 21:56:13+00:00","58431237","https://go.centaurlabs.com/task/5166/case/25734129","Labeled","Yes","3","'d'","'d'","","1.0","","'d'","3","0.03","'a'","0","0.0","'b'","0","0.0","'c'","0","0.0","'e'","0","0.0","'f'","0","0.0","'g'","0","0.0","'h'","0","0.0","","","[]","[]","","","","","","","","[]"
"25734130","ID220","2025-05-12 21:56:13+00:00","58431236","https://go.centaurlabs.com/task/5166/case/25734130","Labeled","Yes","3","'b'","'b'","","1.0","","'b'","3","0.03","'a'","0","0.0","'c'","0","0.0","'d'","0","0.0","'e'","0","0.0","'f'","0","0.0","'g'","0","0.0","'h'","0","0.0","","","[]","[]","","","","","","","","[]"
"25734131","ID218","2025-05-12 21:56:13+00:00","58431235","https://go.centaurlabs.com/task/5166/case/25734131","Labeled","Yes","3","'e'","'e'","","0.667","","'e'","2","0.02","'d'","1","0.01","'a'","0","0.0","'b'","0","0.0","'c'","0","0.0","'f'","0","0.0","'g'","0","0.0","'h'","0","0.0","","","[]","[{'messages': ['cant see answer choices'], 'labeler_id': 591914}]","","","","","","","","[]"
"25734132","ID214","2025-05-12 21:56:13+00:00","58431234","https://go.centaurlabs.com/task/5166/case/25734132","Labeled","Yes","3","'c'","'c'","","0.333","","'b'","1","0.01","'c'","1","0.01","'d'","1","0.01","'a'","0","0.0","'e'","0","0.0","'f'","0","0.0","'g'","0","0.0","'h'","0","0.0","","","[]","[]","","","","","","","","[]"
"25734133","ID211","2025-05-12 21:56:13+00:00","58431233","https://go.centaurlabs.com/task/5166/case/25734133","Labeled","Yes","3","'b'","'b'","","0.333","","'b'","1","0.01","'d'","1","0.01","'j'","1","0.01","'a'","0","0.0","'c'","0","0.0","'e'","0","0.0","'f'","0","0.0","'g'","0","0.0","","","[]","[]","","","","","","","","[]"
"25734134","ID210","2025-05-12 21:56:13+00:00","58431232","https://go.centaurlabs.com/task/5166/case/25734134","Labeled","Yes","3","'d'","'d'","","0.667","","'d'","2","0.02","'b'","1","0.01","'a'","0","0.0","'c'","0","0.0","'e'","0","0.0","'f'","0","0.0","'g'","0","0.0","'h'","0","0.0","","","[]","[]","","","","","","","","[]"
"25734135","ID203","2025-05-12 21:56:13+00:00","58431231","https://go.centaurlabs.com/task/5166/case/25734135","Labeled","Yes","3","'b'","'b'","","0.667","","'b'","2","0.02","'d'","1","0.01","'a'","0","0.0","'c'","0","0.0","'e'","0","0.0","'f'","0","0.0","'g'","0","0.0","'h'","0","0.0","","","[]","[]","","","","","","","","[]"
"25734136","ID199","2025-05-12 21:56:13+00:00","58431230","https://go.centaurlabs.com/task/5166/case/25734136","Labeled","Yes","3","'d'","'d'","","1.0","","'d'","3","0.03","'a'","0","0.0","'b'","0","0.0","'c'","0","0.0","'e'","0","0.0","'f'","0","0.0","'g'","0","0.0","'h'","0","0.0","","","[]","[]","","","","","","","","[]"
"25734137","ID198","2025-05-12 21:56:13+00:00","58431229","https://go.centaurlabs.com/task/5166/case/25734137","Labeled","Yes","3","'d'","'d'","","0.667","","'d'","2","0.02","'b'","1","0.01","'a'","0","0.0","'c'","0","0.0","'e'","0","0.0","'f'","0","0.0","'g'","0","0.0","'h'","0","0.0","","","[]","[{'messages': ['not enough info'], 'labeler_id': 591924}]","","","","","","","","[]"
"25734138","ID193","2025-05-12 21:56:13+00:00","58431228","https://go.centaurlabs.com/task/5166/case/25734138","Labeled","Yes","3","'d'","'d'","","1.0","","'d'","3","0.03","'a'","0","0.0","'b'","0","0.0","'c'","0","0.0","'e'","0","0.0","'f'","0","0.0","'g'","0","0.0","'h'","0","0.0","","","[]","[]","","","","","","","","[]"
"25734139","ID190","2025-05-12 21:56:13+00:00","58431227","https://go.centaurlabs.com/task/5166/case/25734139","Labeled","Yes","3","'c'","'c'","","0.333","","'b'","1","0.01","'c'","1","0.01","'d'","1","0.01","'a'","0","0.0","'e'","0","0.0","'f'","0","0.0","'g'","0","0.0","'h'","0","0.0","","","[]","[]","","","","","","","","[]"
"25734140","ID186","2025-05-12 21:56:13+00:00","58431226","https://go.centaurlabs.com/task/5166/case/25734140","Labeled","Yes","3","'d'","'d'","","1.0","","'d'","3","0.03","'a'","0","0.0","'b'","0","0.0","'c'","0","0.0","'e'","0","0.0","'f'","0","0.0","'g'","0","0.0","'h'","0","0.0","","","[]","[]","","","","","","","","[]"
"25734141","ID174","2025-05-12 21:56:13+00:00","58431225","https://go.centaurlabs.com/task/5166/case/25734141","Labeled","Yes","3","'d'","'d'","","1.0","","'d'","3","0.03","'a'","0","0.0","'b'","0","0.0","'c'","0","0.0","'e'","0","0.0","'f'","0","0.0","'g'","0","0.0","'h'","0","0.0","","","[]","[]","","","","","","","","[]"
"25734142","ID173","2025-05-12 21:56:13+00:00","58431224","https://go.centaurlabs.com/task/5166/case/25734142","Labeled","Yes","3","'b'","'b'","","1.0","","'b'","3","0.03","'a'","0","0.0","'c'","0","0.0","'d'","0","0.0","'e'","0","0.0","'f'","0","0.0","'g'","0","0.0","'h'","0","0.0","","","[]","[]","","","","","","","","[]"
"25734143","ID169","2025-05-12 21:56:13+00:00","58431223","https://go.centaurlabs.com/task/5166/case/25734143","Labeled","Yes","3","'d'","'d'","","0.667","","'d'","2","0.02","'c'","1","0.01","'a'","0","0.0","'b'","0","0.0","'e'","0","0.0","'f'","0","0.0","'g'","0","0.0","'h'","0","0.0","","","[]","[]","","","","","","","","[]"
"25734144","ID167","2025-05-12 21:56:13+00:00","58431222","https://go.centaurlabs.com/task/5166/case/25734144","Labeled","Yes","3","'d'","'d'","","1.0","","'d'","3","0.03","'a'","0","0.0","'b'","0","0.0","'c'","0","0.0","'e'","0","0.0","'f'","0","0.0","'g'","0","0.0","'h'","0","0.0","","","[]","[]","","","","","","","","[]"
"25734145","ID166","2025-05-12 21:56:13+00:00","58431221","https://go.centaurlabs.com/task/5166/case/25734145","Labeled","Yes","3","'c'","'c'","","0.333","","'b'","1","0.01","'c'","1","0.01","'d'","1","0.01","'a'","0","0.0","'e'","0","0.0","'f'","0","0.0","'g'","0","0.0","'h'","0","0.0","","","[]","[]","","","","","","","","[]"
"25734146","ID160","2025-05-12 21:56:13+00:00","58431220","https://go.centaurlabs.com/task/5166/case/25734146","Labeled","Yes","3","'d'","'d'","","0.667","","'d'","2","0.02","'b'","1","0.01","'a'","0","0.0","'c'","0","0.0","'e'","0","0.0","'f'","0","0.0","'g'","0","0.0","'h'","0","0.0","","","[]","[]","","","","","","","","[]"
"25734147","ID152","2025-05-12 21:56:13+00:00","58431219","https://go.centaurlabs.com/task/5166/case/25734147","Labeled","Yes","3","'b'","'b'","","0.333","","'b'","1","0.01","'c'","1","0.01","'d'","1","0.01","'a'","0","0.0","'e'","0","0.0","'f'","0","0.0","'g'","0","0.0","'h'","0","0.0","","","[]","[]","","","","","","","","[]"
"25734148","ID151","2025-05-12 21:56:13+00:00","58431218","https://go.centaurlabs.com/task/5166/case/25734148","Labeled","Yes","3","'d'","'d'","","0.667","","'d'","2","0.02","'a'","1","0.01","'b'","0","0.0","'c'","0","0.0","'e'","0","0.0","'f'","0","0.0","'g'","0","0.0","'h'","0","0.0","","","[]","[]","","","","","","","","[]"
"25734149","ID149","2025-05-12 21:56:13+00:00","58431217","https://go.centaurlabs.com/task/5166/case/25734149","Labeled","Yes","3","'a'","'a'","","0.333","","'a'","1","0.01","'c'","1","0.01","'d'","1","0.01","'b'","0","0.0","'e'","0","0.0","'f'","0","0.0","'g'","0","0.0","'h'","0","0.0","","","[]","[]","","","","","","","","[]"
"25734150","ID146","2025-05-12 21:56:13+00:00","58431216","https://go.centaurlabs.com/task/5166/case/25734150","Labeled","Yes","3","'d'","'d'","","0.667","","'d'","2","0.02","'a'","1","0.01","'b'","0","0.0","'c'","0","0.0","'e'","0","0.0","'f'","0","0.0","'g'","0","0.0","'h'","0","0.0","","","[]","[]","","","","","","","","[]"
"25734151","ID144","2025-05-12 21:56:13+00:00","58431215","https://go.centaurlabs.com/task/5166/case/25734151","Labeled","Yes","3","'e'","'e'","","1.0","","'e'","3","0.03","'a'","0","0.0","'b'","0","0.0","'c'","0","0.0","'d'","0","0.0","'f'","0","0.0","'g'","0","0.0","'h'","0","0.0","","","[]","[]","","","","","","","","[]"
"25734152","ID140","2025-05-12 21:56:13+00:00","58431214","https://go.centaurlabs.com/task/5166/case/25734152","Labeled","Yes","3","'d'","'d'","","1.0","","'d'","3","0.03","'a'","0","0.0","'b'","0","0.0","'c'","0","0.0","'e'","0","0.0","'f'","0","0.0","'g'","0","0.0","'h'","0","0.0","","","[]","[]","","","","","","","","[]"
"25734153","ID135","2025-05-12 21:56:13+00:00","58431213","https://go.centaurlabs.com/task/5166/case/25734153","Labeled","Yes","3","'d'","'d'","","1.0","","'d'","3","0.03","'a'","0","0.0","'b'","0","0.0","'c'","0","0.0","'e'","0","0.0","'f'","0","0.0","'g'","0","0.0","'h'","0","0.0","","","[]","[]","","","","","","","","[]"
"25734154","ID133","2025-05-12 21:56:13+00:00","58431212","https://go.centaurlabs.com/task/5166/case/25734154","Labeled","Yes","3","'d'","'d'","","1.0","","'d'","3","0.03","'a'","0","0.0","'b'","0","0.0","'c'","0","0.0","'e'","0","0.0","'f'","0","0.0","'g'","0","0.0","'h'","0","0.0","","","[]","[]","","","","","","","","[]"
"25734155","ID130","2025-05-12 21:56:13+00:00","58431211","https://go.centaurlabs.com/task/5166/case/25734155","Labeled","Yes","3","'b'","'b'","","0.667","","'b'","2","0.02","'d'","1","0.01","'a'","0","0.0","'c'","0","0.0","'e'","0","0.0","'f'","0","0.0","'g'","0","0.0","'h'","0","0.0","","","[]","[]","","","","","","","","[]"
"25734156","ID116","2025-05-12 21:56:13+00:00","58431210","https://go.centaurlabs.com/task/5166/case/25734156","Labeled","Yes","3","'b'","'b'","","0.667","","'b'","2","0.02","'c'","1","0.01","'a'","0","0.0","'d'","0","0.0","'e'","0","0.0","'f'","0","0.0","'g'","0","0.0","'h'","0","0.0","","","[]","[]","","","","","","","","[]"
"25734157","ID114","2025-05-12 21:56:13+00:00","58431209","https://go.centaurlabs.com/task/5166/case/25734157","Labeled","Yes","3","'c'","'c'","","0.667","","'c'","2","0.02","'d'","1","0.01","'a'","0","0.0","'b'","0","0.0","'e'","0","0.0","'f'","0","0.0","'g'","0","0.0","'h'","0","0.0","","","[]","[]","","","","","","","","[]"
"25734158","ID112","2025-05-12 21:56:13+00:00","58431208","https://go.centaurlabs.com/task/5166/case/25734158","Labeled","Yes","3","'d'","'d'","","0.667","","'d'","2","0.02","'c'","1","0.01","'a'","0","0.0","'b'","0","0.0","'e'","0","0.0","'f'","0","0.0","'g'","0","0.0","'h'","0","0.0","","","[]","[]","","","","","","","","[]"
"25734159","ID109","2025-05-12 21:56:13+00:00","58431207","https://go.centaurlabs.com/task/5166/case/25734159","Labeled","Yes","3","'d'","'d'","","0.667","","'d'","2","0.02","'c'","1","0.01","'a'","0","0.0","'b'","0","0.0","'e'","0","0.0","'f'","0","0.0","'g'","0","0.0","'h'","0","0.0","","","[]","[]","","","","","","","","[]"
"25734160","ID107","2025-05-12 21:56:13+00:00","58431206","https://go.centaurlabs.com/task/5166/case/25734160","Labeled","Yes","3","'a'","'a'","","1.0","","'a'","3","0.03","'b'","0","0.0","'c'","0","0.0","'d'","0","0.0","'e'","0","0.0","'f'","0","0.0","'g'","0","0.0","'h'","0","0.0","","","[]","[]","","","","","","","","[]"
"25734161","ID098","2025-05-12 21:56:13+00:00","58431205","https://go.centaurlabs.com/task/5166/case/25734161","Labeled","Yes","3","'d'","'d'","","1.0","","'d'","3","0.03","'a'","0","0.0","'b'","0","0.0","'c'","0","0.0","'e'","0","0.0","'f'","0","0.0","'g'","0","0.0","'h'","0","0.0","","","[]","[]","","","","","","","","[]"
"25734162","ID090","2025-05-12 21:56:13+00:00","58431204","https://go.centaurlabs.com/task/5166/case/25734162","Labeled","Yes","4","'d'","'d'","","1.0","","'d'","4","0.04","'a'","0","0.0","'b'","0","0.0","'c'","0","0.0","'e'","0","0.0","'f'","0","0.0","'g'","0","0.0","'h'","0","0.0","","","[]","[]","","","","","","","","[]"
"25734163","ID087","2025-05-12 21:56:13+00:00","58431203","https://go.centaurlabs.com/task/5166/case/25734163","Labeled","Yes","3","'a'","'a'","","0.667","","'a'","2","0.02","'c'","1","0.01","'b'","0","0.0","'d'","0","0.0","'e'","0","0.0","'f'","0","0.0","'g'","0","0.0","'h'","0","0.0","","","[]","[]","","","","","","","","[]"
"25734164","ID086","2025-05-12 21:56:13+00:00","58431202","https://go.centaurlabs.com/task/5166/case/25734164","Labeled","Yes","3","'a'","'a'","","0.333","","'a'","1","0.01","'d'","1","0.01","'h'","1","0.01","'b'","0","0.0","'c'","0","0.0","'e'","0","0.0","'f'","0","0.0","'g'","0","0.0","","","[]","[]","","","","","","","","[]"
"25734165","ID082","2025-05-12 21:56:13+00:00","58431201","https://go.centaurlabs.com/task/5166/case/25734165","Labeled","Yes","3","'d'","'d'","","0.667","","'d'","2","0.02","'b'","1","0.01","'a'","0","0.0","'c'","0","0.0","'e'","0","0.0","'f'","0","0.0","'g'","0","0.0","'h'","0","0.0","","","[]","[]","","","","","","","","[]"
"25734166","ID063","2025-05-12 21:56:13+00:00","58431200","https://go.centaurlabs.com/task/5166/case/25734166","Labeled","Yes","3","'a'","'a'","","0.333","","'a'","1","0.01","'i'","1","0.01","'j'","1","0.01","'b'","0","0.0","'c'","0","0.0","'d'","0","0.0","'e'","0","0.0","'f'","0","0.0","","","[]","[{'messages': ['based on my knowledge I am not even sure what this question is even remotely getting at'], 'labeler_id': 591931}, {'messages': ['Not enough relevant information for this case'], 'labeler_id': 589534}]","","","","","","","","[]"
"25734167","ID049","2025-05-12 21:56:13+00:00","58431199","https://go.centaurlabs.com/task/5166/case/25734167","Labeled","Yes","3","'d'","'d'","","0.667","","'d'","2","0.02","'c'","1","0.01","'a'","0","0.0","'b'","0","0.0","'e'","0","0.0","'f'","0","0.0","'g'","0","0.0","'h'","0","0.0","","","[]","[]","","","","","","","","[]"
"25734168","ID038","2025-05-12 21:56:13+00:00","58431198","https://go.centaurlabs.com/task/5166/case/25734168","Labeled","Yes","3","'d'","'d'","","1.0","","'d'","3","0.03","'a'","0","0.0","'b'","0","0.0","'c'","0","0.0","'e'","0","0.0","'f'","0","0.0","'g'","0","0.0","'h'","0","0.0","","","[]","[]","","","","","","","","[]"
"25734169","ID036","2025-05-12 21:56:13+00:00","58431197","https://go.centaurlabs.com/task/5166/case/25734169","Labeled","Yes","3","'c'","'c'","","0.667","","'c'","2","0.02","'b'","1","0.01","'a'","0","0.0","'d'","0","0.0","'e'","0","0.0","'f'","0","0.0","'g'","0","0.0","'h'","0","0.0","","","[]","[]","","","","","","","","[]"
"25734170","ID035","2025-05-12 21:56:13+00:00","58431196","https://go.centaurlabs.com/task/5166/case/25734170","Labeled","Yes","3","'d'","'d'","","0.667","","'d'","2","0.02","'a'","1","0.01","'b'","0","0.0","'c'","0","0.0","'e'","0","0.0","'f'","0","0.0","'g'","0","0.0","'h'","0","0.0","","","[]","[]","","","","","","","","[]"
"25734171","ID032","2025-05-12 21:56:13+00:00","58431195","https://go.centaurlabs.com/task/5166/case/25734171","Labeled","Yes","3","'d'","'d'","","0.667","","'d'","2","0.02","'b'","1","0.01","'a'","0","0.0","'c'","0","0.0","'e'","0","0.0","'f'","0","0.0","'g'","0","0.0","'h'","0","0.0","","","[]","[]","","","","","","","","[]"
"25734172","ID031","2025-05-12 21:56:13+00:00","58431194","https://go.centaurlabs.com/task/5166/case/25734172","Labeled","Yes","3","'d'","'d'","","0.667","","'d'","2","0.02","'a'","1","0.01","'b'","0","0.0","'c'","0","0.0","'e'","0","0.0","'f'","0","0.0","'g'","0","0.0","'h'","0","0.0","","","[]","[{'messages': ['not enough info to differentiate tension PTX vs tamponade'], 'labeler_id': 591924}]","","","","","","","","[]"
"25734173","ID027","2025-05-12 21:56:13+00:00","58431193","https://go.centaurlabs.com/task/5166/case/25734173","Labeled","Yes","3","'b'","'b'","","0.333","","'a'","1","0.01","'b'","1","0.01","'d'","1","0.01","'c'","0","0.0","'e'","0","0.0","'f'","0","0.0","'g'","0","0.0","'h'","0","0.0","","","[]","[]","","","","","","","","[]"
"25734174","ID025","2025-05-12 21:56:13+00:00","58431192","https://go.centaurlabs.com/task/5166/case/25734174","Labeled","Yes","3","'d'","'d'","","1.0","","'d'","3","0.03","'a'","0","0.0","'b'","0","0.0","'c'","0","0.0","'e'","0","0.0","'f'","0","0.0","'g'","0","0.0","'h'","0","0.0","","","[]","[]","","","","","","","","[]"
"25734175","ID013","2025-05-12 21:56:13+00:00","58431191","https://go.centaurlabs.com/task/5166/case/25734175","Labeled","Yes","3","'d'","'d'","","1.0","","'d'","3","0.03","'a'","0","0.0","'b'","0","0.0","'c'","0","0.0","'e'","0","0.0","'f'","0","0.0","'g'","0","0.0","'h'","0","0.0","","","[]","[]","","","","","","","","[]"
"25734176","ID012","2025-05-12 21:56:13+00:00","58431190","https://go.centaurlabs.com/task/5166/case/25734176","Labeled","Yes","3","'d'","'d'","","1.0","","'d'","3","0.03","'a'","0","0.0","'b'","0","0.0","'c'","0","0.0","'e'","0","0.0","'f'","0","0.0","'g'","0","0.0","'h'","0","0.0","","","[]","[]","","","","","","","","[]"
"25734177","ID010","2025-05-12 21:56:13+00:00","58431189","https://go.centaurlabs.com/task/5166/case/25734177","Labeled","Yes","3","'d'","'d'","","1.0","","'d'","3","0.03","'a'","0","0.0","'b'","0","0.0","'c'","0","0.0","'e'","0","0.0","'f'","0","0.0","'g'","0","0.0","'h'","0","0.0","","","[]","[]","","","","","","","","[]"
"25734178","ID009","2025-05-12 21:56:13+00:00","58431188","https://go.centaurlabs.com/task/5166/case/25734178","Labeled","Yes","3","'d'","'d'","","0.667","","'d'","2","0.02","'c'","1","0.01","'a'","0","0.0","'b'","0","0.0","'e'","0","0.0","'f'","0","0.0","'g'","0","0.0","'h'","0","0.0","","","[]","[]","","","","","","","","[]"
"25734179","ID004","2025-05-12 21:56:13+00:00","58431187","https://go.centaurlabs.com/task/5166/case/25734179","Labeled","Yes","3","'b'","'b'","","0.667","","'b'","2","0.02","'d'","1","0.01","'a'","0","0.0","'c'","0","0.0","'e'","0","0.0","'f'","0","0.0","'g'","0","0.0","'h'","0","0.0","","","[]","[{'messages': ['Unable to skip following instructions to refresh. Again think question is out of scope of knowledge for medical student'], 'labeler_id': 591931}]","","","","","","","","[]"
"25734180","ID243","2025-05-12 21:56:13+00:00","58431186","https://go.centaurlabs.com/task/5166/case/25734180","Labeled","Yes","3","'c'","'c'","","1.0","","'c'","3","0.03","'a'","0","0.0","'b'","0","0.0","'d'","0","0.0","'e'","0","0.0","'f'","0","0.0","'g'","0","0.0","'h'","0","0.0","","","[]","[]","","","","","","","","[]"
"25734181","ID241","2025-05-12 21:56:13+00:00","58431185","https://go.centaurlabs.com/task/5166/case/25734181","Labeled","Yes","3","'c'","'c'","","1.0","","'c'","3","0.03","'a'","0","0.0","'b'","0","0.0","'d'","0","0.0","'e'","0","0.0","'f'","0","0.0","'g'","0","0.0","'h'","0","0.0","","","[]","[]","","","","","","","","[]"
"25734182","ID237","2025-05-12 21:56:13+00:00","58431184","https://go.centaurlabs.com/task/5166/case/25734182","Labeled","Yes","3","'c'","'c'","","0.667","","'c'","2","0.02","'b'","1","0.01","'a'","0","0.0","'d'","0","0.0","'e'","0","0.0","'f'","0","0.0","'g'","0","0.0","'h'","0","0.0","","","[]","[{'messages': ['not enough info - description of skin lesions - THICK is not enough'], 'labeler_id': 591924}]","","","","","","","","[]"
"25734183","ID226","2025-05-12 21:56:13+00:00","58431183","https://go.centaurlabs.com/task/5166/case/25734183","Labeled","Yes","3","'b'","'b'","","0.333","","'a'","1","0.01","'b'","1","0.01","'c'","1","0.01","'d'","0","0.0","'e'","0","0.0","'f'","0","0.0","'g'","0","0.0","'h'","0","0.0","","","[]","[{'messages': ['out of scope'], 'labeler_id': 591931}]","","","","","","","","[]"
"25734184","ID215","2025-05-12 21:56:13+00:00","58431182","https://go.centaurlabs.com/task/5166/case/25734184","Labeled","Yes","3","'b'","'b'","","0.667","","'b'","2","0.02","'a'","1","0.01","'c'","0","0.0","'d'","0","0.0","'e'","0","0.0","'f'","0","0.0","'g'","0","0.0","'h'","0","0.0","","","[]","[]","","","","","","","","[]"
"25734185","ID212","2025-05-12 21:56:13+00:00","58431181","https://go.centaurlabs.com/task/5166/case/25734185","Labeled","Yes","3","'b'","'b'","","0.667","","'b'","2","0.02","'a'","1","0.01","'c'","0","0.0","'d'","0","0.0","'e'","0","0.0","'f'","0","0.0","'g'","0","0.0","'h'","0","0.0","","","[]","[]","","","","","","","","[]"
"25734186","ID209","2025-05-12 21:56:13+00:00","58431180","https://go.centaurlabs.com/task/5166/case/25734186","Labeled","Yes","3","'b'","'b'","","0.667","","'b'","2","0.02","'d'","1","0.01","'a'","0","0.0","'c'","0","0.0","'e'","0","0.0","'f'","0","0.0","'g'","0","0.0","'h'","0","0.0","","","[]","[{'messages': ['incomplete data - no age sex pmh'], 'labeler_id': 591924}]","","","","","","","","[]"
"25734187","ID208","2025-05-12 21:56:13+00:00","58431179","https://go.centaurlabs.com/task/5166/case/25734187","Labeled","Yes","3","'c'","'c'","","0.667","","'c'","2","0.02","'b'","1","0.01","'a'","0","0.0","'d'","0","0.0","'e'","0","0.0","'f'","0","0.0","'g'","0","0.0","'h'","0","0.0","","","[]","[]","","","","","","","","[]"
"25734188","ID207","2025-05-12 21:56:13+00:00","58431178","https://go.centaurlabs.com/task/5166/case/25734188","Labeled","Yes","3","'c'","'c'","","1.0","","'c'","3","0.03","'a'","0","0.0","'b'","0","0.0","'d'","0","0.0","'e'","0","0.0","'f'","0","0.0","'g'","0","0.0","'h'","0","0.0","","","[]","[]","","","","","","","","[]"
"25734189","ID206","2025-05-12 21:56:13+00:00","58431177","https://go.centaurlabs.com/task/5166/case/25734189","Labeled","Yes","3","'b'","'b'","","1.0","","'b'","3","0.03","'a'","0","0.0","'c'","0","0.0","'d'","0","0.0","'e'","0","0.0","'f'","0","0.0","'g'","0","0.0","'h'","0","0.0","","","[]","[]","","","","","","","","[]"
"25734190","ID204","2025-05-12 21:56:13+00:00","58431176","https://go.centaurlabs.com/task/5166/case/25734190","Labeled","Yes","3","'c'","'c'","","1.0","","'c'","3","0.03","'a'","0","0.0","'b'","0","0.0","'d'","0","0.0","'e'","0","0.0","'f'","0","0.0","'g'","0","0.0","'h'","0","0.0","","","[]","[]","","","","","","","","[]"
"25734191","ID200","2025-05-12 21:56:13+00:00","58431175","https://go.centaurlabs.com/task/5166/case/25734191","Labeled","Yes","3","'c'","'c'","","0.667","","'c'","2","0.02","'d'","1","0.01","'a'","0","0.0","'b'","0","0.0","'e'","0","0.0","'f'","0","0.0","'g'","0","0.0","'h'","0","0.0","","","[]","[]","","","","","","","","[]"
"25734192","ID195","2025-05-12 21:56:13+00:00","58431174","https://go.centaurlabs.com/task/5166/case/25734192","Labeled","Yes","3","'c'","'c'","","1.0","","'c'","3","0.03","'a'","0","0.0","'b'","0","0.0","'d'","0","0.0","'e'","0","0.0","'f'","0","0.0","'g'","0","0.0","'h'","0","0.0","","","[]","[]","","","","","","","","[]"
"25734193","ID189","2025-05-12 21:56:13+00:00","58431173","https://go.centaurlabs.com/task/5166/case/25734193","Labeled","Yes","3","'c'","'c'","","0.333","","'b'","1","0.01","'c'","1","0.01","'d'","1","0.01","'a'","0","0.0","'e'","0","0.0","'f'","0","0.0","'g'","0","0.0","'h'","0","0.0","","","[]","[]","","","","","","","","[]"
"25734194","ID187","2025-05-12 21:56:13+00:00","58431172","https://go.centaurlabs.com/task/5166/case/25734194","Labeled","Yes","3","'d'","'d'","","1.0","","'d'","3","0.03","'a'","0","0.0","'b'","0","0.0","'c'","0","0.0","'e'","0","0.0","'f'","0","0.0","'g'","0","0.0","'h'","0","0.0","","","[]","[]","","","","","","","","[]"
"25734195","ID183","2025-05-12 21:56:13+00:00","58431171","https://go.centaurlabs.com/task/5166/case/25734195","Labeled","Yes","3","'a'","'a'","","0.667","","'a'","2","0.02","'c'","1","0.01","'b'","0","0.0","'d'","0","0.0","'e'","0","0.0","'f'","0","0.0","'g'","0","0.0","'h'","0","0.0","","","[]","[{'messages': ['why is it including the conversion factor for glucose level in mg/dL and hgb a1c?'], 'labeler_id': 591924}]","","","","","","","","[]"
"25734196","ID178","2025-05-12 21:56:13+00:00","58431170","https://go.centaurlabs.com/task/5166/case/25734196","Labeled","Yes","3","'c'","'c'","","0.667","","'c'","2","0.02","'a'","1","0.01","'b'","0","0.0","'d'","0","0.0","'e'","0","0.0","'f'","0","0.0","'g'","0","0.0","'h'","0","0.0","","","[]","[{'messages': ['out of scope'], 'labeler_id': 591931}]","","","","","","","","[]"
"25734197","ID175","2025-05-12 21:56:13+00:00","58431169","https://go.centaurlabs.com/task/5166/case/25734197","Labeled","Yes","3","'d'","'d'","","1.0","","'d'","3","0.03","'a'","0","0.0","'b'","0","0.0","'c'","0","0.0","'e'","0","0.0","'f'","0","0.0","'g'","0","0.0","'h'","0","0.0","","","[]","[]","","","","","","","","[]"
"25734198","ID159","2025-05-12 21:56:13+00:00","58431168","https://go.centaurlabs.com/task/5166/case/25734198","Labeled","Yes","3","'c'","'c'","","0.667","","'c'","2","0.02","'d'","1","0.01","'a'","0","0.0","'b'","0","0.0","'e'","0","0.0","'f'","0","0.0","'g'","0","0.0","'h'","0","0.0","","","[]","[]","","","","","","","","[]"
"25734199","ID158","2025-05-12 21:56:13+00:00","58431167","https://go.centaurlabs.com/task/5166/case/25734199","Labeled","Yes","3","'d'","'d'","","0.333","","'a'","1","0.01","'c'","1","0.01","'d'","1","0.01","'b'","0","0.0","'e'","0","0.0","'f'","0","0.0","'g'","0","0.0","'h'","0","0.0","","","[]","[]","","","","","","","","[]"
"25734200","ID155","2025-05-12 21:56:13+00:00","58431166","https://go.centaurlabs.com/task/5166/case/25734200","Labeled","Yes","3","'c'","'c'","","0.667","","'c'","2","0.02","'d'","1","0.01","'a'","0","0.0","'b'","0","0.0","'e'","0","0.0","'f'","0","0.0","'g'","0","0.0","'h'","0","0.0","","","[]","[]","","","","","","","","[]"
"25734201","ID154","2025-05-12 21:56:13+00:00","58431165","https://go.centaurlabs.com/task/5166/case/25734201","Labeled","Yes","3","'h'","'h'","","0.667","","'h'","2","0.02","'i'","1","0.01","'a'","0","0.0","'b'","0","0.0","'c'","0","0.0","'d'","0","0.0","'e'","0","0.0","'f'","0","0.0","","","[]","[{'messages': ['incomplete info'], 'labeler_id': 591924}]","","","","","","","","[]"
"25734202","ID150","2025-05-12 21:56:13+00:00","58431164","https://go.centaurlabs.com/task/5166/case/25734202","Labeled","Yes","3","'c'","'c'","","0.667","","'c'","2","0.02","'d'","1","0.01","'a'","0","0.0","'b'","0","0.0","'e'","0","0.0","'f'","0","0.0","'g'","0","0.0","'h'","0","0.0","","","[]","[]","","","","","","","","[]"
"25734203","ID143","2025-05-12 21:56:13+00:00","58431163","https://go.centaurlabs.com/task/5166/case/25734203","Labeled","Yes","3","'c'","'c'","","1.0","","'c'","3","0.03","'a'","0","0.0","'b'","0","0.0","'d'","0","0.0","'e'","0","0.0","'f'","0","0.0","'g'","0","0.0","'h'","0","0.0","","","[]","[]","","","","","","","","[]"
"25734204","ID136","2025-05-12 21:56:13+00:00","58431162","https://go.centaurlabs.com/task/5166/case/25734204","Labeled","Yes","3","'d'","'d'","","0.667","","'d'","2","0.02","'c'","1","0.01","'a'","0","0.0","'b'","0","0.0","'e'","0","0.0","'f'","0","0.0","'g'","0","0.0","'h'","0","0.0","","","[]","[{'messages': ['too verbose'], 'labeler_id': 591924}]","","","","","","","","[]"
"25734205","ID131","2025-05-12 21:56:13+00:00","58431161","https://go.centaurlabs.com/task/5166/case/25734205","Labeled","Yes","3","'c'","'c'","","1.0","","'c'","3","0.03","'a'","0","0.0","'b'","0","0.0","'d'","0","0.0","'e'","0","0.0","'f'","0","0.0","'g'","0","0.0","'h'","0","0.0","","","[]","[]","","","","","","","","[]"
"25734206","ID129","2025-05-12 21:56:13+00:00","58431160","https://go.centaurlabs.com/task/5166/case/25734206","Labeled","Yes","3","'b'","'b'","","1.0","","'b'","3","0.03","'a'","0","0.0","'c'","0","0.0","'d'","0","0.0","'e'","0","0.0","'f'","0","0.0","'g'","0","0.0","'h'","0","0.0","","","[]","[]","","","","","","","","[]"
"25734207","ID122","2025-05-12 21:56:13+00:00","58431159","https://go.centaurlabs.com/task/5166/case/25734207","Labeled","Yes","3","'a'","'a'","","1.0","","'a'","3","0.03","'b'","0","0.0","'c'","0","0.0","'d'","0","0.0","'e'","0","0.0","'f'","0","0.0","'g'","0","0.0","'h'","0","0.0","","","[]","[]","","","","","","","","[]"
"25734208","ID115","2025-05-12 21:56:13+00:00","58431158","https://go.centaurlabs.com/task/5166/case/25734208","Labeled","Yes","3","'d'","'d'","","1.0","","'d'","3","0.03","'a'","0","0.0","'b'","0","0.0","'c'","0","0.0","'e'","0","0.0","'f'","0","0.0","'g'","0","0.0","'h'","0","0.0","","","[]","[]","","","","","","","","[]"
"25734209","ID101","2025-05-12 21:56:13+00:00","58431157","https://go.centaurlabs.com/task/5166/case/25734209","Labeled","Yes","3","'h'","'h'","","0.667","","'h'","2","0.02","'b'","1","0.01","'a'","0","0.0","'c'","0","0.0","'d'","0","0.0","'e'","0","0.0","'f'","0","0.0","'g'","0","0.0","","","[]","[]","","","","","","","","[]"
"25734210","ID099","2025-05-12 21:56:13+00:00","58431156","https://go.centaurlabs.com/task/5166/case/25734210","Labeled","Yes","3","'c'","'c'","","0.667","","'c'","2","0.02","'a'","1","0.01","'b'","0","0.0","'d'","0","0.0","'e'","0","0.0","'f'","0","0.0","'g'","0","0.0","'h'","0","0.0","","","[]","[]","","","","","","","","[]"
"25734211","ID095","2025-05-12 21:56:13+00:00","58431155","https://go.centaurlabs.com/task/5166/case/25734211","Labeled","Yes","3","'d'","'d'","","0.667","","'d'","2","0.02","'c'","1","0.01","'a'","0","0.0","'b'","0","0.0","'e'","0","0.0","'f'","0","0.0","'g'","0","0.0","'h'","0","0.0","","","[]","[]","","","","","","","","[]"
"25734212","ID093","2025-05-12 21:56:13+00:00","58431154","https://go.centaurlabs.com/task/5166/case/25734212","Labeled","Yes","3","'d'","'d'","","0.667","","'d'","2","0.02","'c'","1","0.01","'a'","0","0.0","'b'","0","0.0","'e'","0","0.0","'f'","0","0.0","'g'","0","0.0","'h'","0","0.0","","","[]","[]","","","","","","","","[]"
"25734213","ID092","2025-05-12 21:56:13+00:00","58431153","https://go.centaurlabs.com/task/5166/case/25734213","Labeled","Yes","3","'a'","'a'","","0.667","","'a'","2","0.02","'c'","1","0.01","'b'","0","0.0","'d'","0","0.0","'e'","0","0.0","'f'","0","0.0","'g'","0","0.0","'h'","0","0.0","","","[]","[]","","","","","","","","[]"
"25734214","ID089","2025-05-12 21:56:13+00:00","58431152","https://go.centaurlabs.com/task/5166/case/25734214","Labeled","Yes","3","'c'","'c'","","0.667","","'c'","2","0.02","'b'","1","0.01","'a'","0","0.0","'d'","0","0.0","'e'","0","0.0","'f'","0","0.0","'g'","0","0.0","'h'","0","0.0","","","[]","[]","","","","","","","","[]"
"25734215","ID080","2025-05-12 21:56:13+00:00","58431151","https://go.centaurlabs.com/task/5166/case/25734215","Labeled","Yes","3","'b'","'b'","","0.667","","'b'","2","0.02","'d'","1","0.01","'a'","0","0.0","'c'","0","0.0","'e'","0","0.0","'f'","0","0.0","'g'","0","0.0","'h'","0","0.0","","","[]","[{'messages': ['out of scope'], 'labeler_id': 591931}]","","","","","","","","[]"
"25734216","ID078","2025-05-12 21:56:13+00:00","58431150","https://go.centaurlabs.com/task/5166/case/25734216","Labeled","Yes","3","'b'","'b'","","0.333","","'a'","1","0.01","'b'","1","0.01","'c'","1","0.01","'d'","0","0.0","'e'","0","0.0","'f'","0","0.0","'g'","0","0.0","'h'","0","0.0","","","[]","[]","","","","","","","","[]"
"25734217","ID070","2025-05-12 21:56:13+00:00","58431149","https://go.centaurlabs.com/task/5166/case/25734217","Labeled","Yes","3","'c'","'c'","","1.0","","'c'","3","0.03","'a'","0","0.0","'b'","0","0.0","'d'","0","0.0","'e'","0","0.0","'f'","0","0.0","'g'","0","0.0","'h'","0","0.0","","","[]","[]","","","","","","","","[]"
"25734218","ID067","2025-05-12 21:56:13+00:00","58431148","https://go.centaurlabs.com/task/5166/case/25734218","Labeled","Yes","3","'c'","'c'","","0.667","","'c'","2","0.02","'b'","1","0.01","'a'","0","0.0","'d'","0","0.0","'e'","0","0.0","'f'","0","0.0","'g'","0","0.0","'h'","0","0.0","","","[]","[]","","","","","","","","[]"
"25734219","ID066","2025-05-12 21:56:13+00:00","58431147","https://go.centaurlabs.com/task/5166/case/25734219","Labeled","Yes","3","'b'","'b'","","0.333","","'a'","1","0.01","'b'","1","0.01","'c'","1","0.01","'d'","0","0.0","'e'","0","0.0","'f'","0","0.0","'g'","0","0.0","'h'","0","0.0","","","[{'messages': ['unable to skip question'], 'labeler_id': 591931}]","[]","","","","","","","","[]"
"25734220","ID061","2025-05-12 21:56:13+00:00","58431146","https://go.centaurlabs.com/task/5166/case/25734220","Labeled","Yes","3","'a'","'a'","","0.333","","'a'","1","0.01","'c'","1","0.01","'d'","1","0.01","'b'","0","0.0","'e'","0","0.0","'f'","0","0.0","'g'","0","0.0","'h'","0","0.0","","","[]","[{'messages': ['resident level case'], 'labeler_id': 591931}]","","","","","","","","[]"
"25734221","ID058","2025-05-12 21:56:13+00:00","58431145","https://go.centaurlabs.com/task/5166/case/25734221","Labeled","Yes","3","'c'","'c'","","1.0","","'c'","3","0.03","'a'","0","0.0","'b'","0","0.0","'d'","0","0.0","'e'","0","0.0","'f'","0","0.0","'g'","0","0.0","'h'","0","0.0","","","[]","[]","","","","","","","","[]"
"25734222","ID054","2025-05-12 21:56:13+00:00","58431144","https://go.centaurlabs.com/task/5166/case/25734222","Labeled","Yes","3","'d'","'d'","","0.333","","'b'","1","0.01","'c'","1","0.01","'d'","1","0.01","'a'","0","0.0","'e'","0","0.0","'f'","0","0.0","'g'","0","0.0","'h'","0","0.0","","","[]","[{'messages': ['No presenting ailment\n'], 'labeler_id': 585923}, {'messages': ['incomplete info'], 'labeler_id': 591924}]","","","","","","","","[]"
"25734223","ID052","2025-05-12 21:56:13+00:00","58431143","https://go.centaurlabs.com/task/5166/case/25734223","Labeled","Yes","3","'c'","'c'","","0.667","","'c'","2","0.02","'b'","1","0.01","'a'","0","0.0","'d'","0","0.0","'e'","0","0.0","'f'","0","0.0","'g'","0","0.0","'h'","0","0.0","","","[]","[]","","","","","","","","[]"
"25734224","ID043","2025-05-12 21:56:13+00:00","58431142","https://go.centaurlabs.com/task/5166/case/25734224","Labeled","Yes","3","'c'","'c'","","1.0","","'c'","3","0.03","'a'","0","0.0","'b'","0","0.0","'d'","0","0.0","'e'","0","0.0","'f'","0","0.0","'g'","0","0.0","'h'","0","0.0","","","[]","[]","","","","","","","","[]"
"25734225","ID040","2025-05-12 21:56:13+00:00","58431141","https://go.centaurlabs.com/task/5166/case/25734225","Labeled","Yes","3","'b'","'b'","","0.333","","'a'","1","0.01","'b'","1","0.01","'c'","1","0.01","'d'","0","0.0","'e'","0","0.0","'f'","0","0.0","'g'","0","0.0","'h'","0","0.0","","","[]","[]","","","","","","","","[]"
"25734226","ID039","2025-05-12 21:56:13+00:00","58431140","https://go.centaurlabs.com/task/5166/case/25734226","Labeled","Yes","3","'a'","'a'","","0.333","","'a'","1","0.01","'c'","1","0.01","'d'","1","0.01","'b'","0","0.0","'e'","0","0.0","'f'","0","0.0","'g'","0","0.0","'h'","0","0.0","","","[]","[{'messages': ['too much info'], 'labeler_id': 591924}]","","","","","","","","[]"
"25734227","ID037","2025-05-12 21:56:13+00:00","58431139","https://go.centaurlabs.com/task/5166/case/25734227","Labeled","Yes","3","'d'","'d'","","0.333","","'c'","1","0.01","'d'","1","0.01","'i'","1","0.01","'a'","0","0.0","'b'","0","0.0","'e'","0","0.0","'f'","0","0.0","'g'","0","0.0","","","[]","[{'messages': ['incomplete info'], 'labeler_id': 591924}]","","","","","","","","[]"
"25734228","ID030","2025-05-12 21:56:13+00:00","58431138","https://go.centaurlabs.com/task/5166/case/25734228","Labeled","Yes","3","'c'","'c'","","1.0","","'c'","3","0.03","'a'","0","0.0","'b'","0","0.0","'d'","0","0.0","'e'","0","0.0","'f'","0","0.0","'g'","0","0.0","'h'","0","0.0","","","[]","[]","","","","","","","","[]"
"25734229","ID029","2025-05-12 21:56:13+00:00","58431137","https://go.centaurlabs.com/task/5166/case/25734229","Labeled","Yes","3","'a'","'a'","","1.0","","'a'","3","0.03","'b'","0","0.0","'c'","0","0.0","'d'","0","0.0","'e'","0","0.0","'f'","0","0.0","'g'","0","0.0","'h'","0","0.0","","","[]","[]","","","","","","","","[]"
"25734230","ID028","2025-05-12 21:56:13+00:00","58431136","https://go.centaurlabs.com/task/5166/case/25734230","Labeled","Yes","3","'b'","'b'","","1.0","","'b'","3","0.03","'a'","0","0.0","'c'","0","0.0","'d'","0","0.0","'e'","0","0.0","'f'","0","0.0","'g'","0","0.0","'h'","0","0.0","","","[]","[]","","","","","","","","[]"
"25734231","ID022","2025-05-12 21:56:13+00:00","58431135","https://go.centaurlabs.com/task/5166/case/25734231","Labeled","Yes","3","'b'","'b'","","0.667","","'b'","2","0.02","'c'","1","0.01","'a'","0","0.0","'d'","0","0.0","'e'","0","0.0","'f'","0","0.0","'g'","0","0.0","'h'","0","0.0","","","[]","[]","","","","","","","","[]"
"25734232","ID021","2025-05-12 21:56:13+00:00","58431134","https://go.centaurlabs.com/task/5166/case/25734232","Labeled","Yes","3","'a'","'a'","","0.333","","'a'","1","0.01","'c'","1","0.01","'e'","1","0.01","'b'","0","0.0","'d'","0","0.0","'f'","0","0.0","'g'","0","0.0","'h'","0","0.0","","","[]","[]","","","","","","","","[]"
"25734233","ID020","2025-05-12 21:56:13+00:00","58431133","https://go.centaurlabs.com/task/5166/case/25734233","Labeled","Yes","3","'b'","'b'","","0.667","","'b'","2","0.02","'c'","1","0.01","'a'","0","0.0","'d'","0","0.0","'e'","0","0.0","'f'","0","0.0","'g'","0","0.0","'h'","0","0.0","","","[]","[]","","","","","","","","[]"
"25734234","ID018","2025-05-12 21:56:13+00:00","58431132","https://go.centaurlabs.com/task/5166/case/25734234","Labeled","Yes","3","'d'","'d'","","0.333","","'a'","1","0.01","'c'","1","0.01","'d'","1","0.01","'b'","0","0.0","'e'","0","0.0","'f'","0","0.0","'g'","0","0.0","'h'","0","0.0","","","[]","[{'messages': ['cant see answer choices'], 'labeler_id': 591914}]","","","","","","","","[]"
"25734235","ID015","2025-05-12 21:56:13+00:00","58431131","https://go.centaurlabs.com/task/5166/case/25734235","Labeled","Yes","3","'b'","'b'","","0.667","","'b'","2","0.02","'a'","1","0.01","'c'","0","0.0","'d'","0","0.0","'e'","0","0.0","'f'","0","0.0","'g'","0","0.0","'h'","0","0.0","","","[]","[]","","","","","","","","[]"
"25734236","ID001","2025-05-12 21:56:13+00:00","58431130","https://go.centaurlabs.com/task/5166/case/25734236","Labeled","Yes","3","'c'","'c'","","0.667","","'c'","2","0.02","'d'","1","0.01","'a'","0","0.0","'b'","0","0.0","'e'","0","0.0","'f'","0","0.0","'g'","0","0.0","'h'","0","0.0","","","[]","[]","","","","","","","","[]"
"25734237","ID240","2025-05-12 21:56:13+00:00","58431129","https://go.centaurlabs.com/task/5166/case/25734237","Labeled","Yes","3","'b'","'b'","","0.667","","'b'","2","0.02","'a'","1","0.01","'c'","0","0.0","'d'","0","0.0","'e'","0","0.0","'f'","0","0.0","'g'","0","0.0","'h'","0","0.0","","","[]","[]","","","","","","","","[]"
"25734238","ID238","2025-05-12 21:56:13+00:00","58431128","https://go.centaurlabs.com/task/5166/case/25734238","Labeled","Yes","3","'b'","'b'","","0.667","","'b'","2","0.02","'d'","1","0.01","'a'","0","0.0","'c'","0","0.0","'e'","0","0.0","'f'","0","0.0","'g'","0","0.0","'h'","0","0.0","","","[]","[]","","","","","","","","[]"
"25734239","ID234","2025-05-12 21:56:13+00:00","58431127","https://go.centaurlabs.com/task/5166/case/25734239","Labeled","Yes","3","'c'","'c'","","0.333","","'b'","1","0.01","'c'","1","0.01","'d'","1","0.01","'a'","0","0.0","'e'","0","0.0","'f'","0","0.0","'g'","0","0.0","'h'","0","0.0","","","[]","[]","","","","","","","","[]"
"25734240","ID233","2025-05-12 21:56:13+00:00","58431126","https://go.centaurlabs.com/task/5166/case/25734240","Labeled","Yes","3","'j'","'j'","","1.0","","'j'","3","0.03","'a'","0","0.0","'b'","0","0.0","'c'","0","0.0","'d'","0","0.0","'e'","0","0.0","'f'","0","0.0","'g'","0","0.0","","","[]","[]","","","","","","","","[]"
"25734241","ID227","2025-05-12 21:56:13+00:00","58431125","https://go.centaurlabs.com/task/5166/case/25734241","Labeled","Yes","3","'b'","'b'","","0.667","","'b'","2","0.02","'d'","1","0.01","'a'","0","0.0","'c'","0","0.0","'e'","0","0.0","'f'","0","0.0","'g'","0","0.0","'h'","0","0.0","","","[]","[]","","","","","","","","[]"
"25734242","ID221","2025-05-12 21:56:13+00:00","58431124","https://go.centaurlabs.com/task/5166/case/25734242","Labeled","Yes","3","'b'","'b'","","0.333","","'a'","1","0.01","'b'","1","0.01","'c'","1","0.01","'d'","0","0.0","'e'","0","0.0","'f'","0","0.0","'g'","0","0.0","'h'","0","0.0","","","[]","[]","","","","","","","","[]"
"25734243","ID219","2025-05-12 21:56:13+00:00","58431123","https://go.centaurlabs.com/task/5166/case/25734243","Labeled","Yes","3","'b'","'b'","","1.0","","'b'","3","0.03","'a'","0","0.0","'c'","0","0.0","'d'","0","0.0","'e'","0","0.0","'f'","0","0.0","'g'","0","0.0","'h'","0","0.0","","","[]","[]","","","","","","","","[]"
"25734244","ID213","2025-05-12 21:56:13+00:00","58431122","https://go.centaurlabs.com/task/5166/case/25734244","Labeled","Yes","3","'c'","'c'","","0.667","","'c'","2","0.02","'b'","1","0.01","'a'","0","0.0","'d'","0","0.0","'e'","0","0.0","'f'","0","0.0","'g'","0","0.0","'h'","0","0.0","","","[]","[]","","","","","","","","[]"
"25734245","ID205","2025-05-12 21:56:13+00:00","58431121","https://go.centaurlabs.com/task/5166/case/25734245","Labeled","Yes","3","'j'","'j'","","0.333","","'a'","1","0.01","'d'","1","0.01","'j'","1","0.01","'b'","0","0.0","'c'","0","0.0","'e'","0","0.0","'f'","0","0.0","'g'","0","0.0","","","[]","[]","","","","","","","","[]"
"25734246","ID196","2025-05-12 21:56:13+00:00","58431120","https://go.centaurlabs.com/task/5166/case/25734246","Labeled","Yes","3","'b'","'b'","","1.0","","'b'","3","0.03","'a'","0","0.0","'c'","0","0.0","'d'","0","0.0","'e'","0","0.0","'f'","0","0.0","'g'","0","0.0","'h'","0","0.0","","","[]","[]","","","","","","","","[]"
"25734247","ID188","2025-05-12 21:56:13+00:00","58431119","https://go.centaurlabs.com/task/5166/case/25734247","Labeled","Yes","3","'d'","'d'","","0.667","","'d'","2","0.02","'b'","1","0.01","'a'","0","0.0","'c'","0","0.0","'e'","0","0.0","'f'","0","0.0","'g'","0","0.0","'h'","0","0.0","","","[]","[]","","","","","","","","[]"
"25734248","ID185","2025-05-12 21:56:13+00:00","58431118","https://go.centaurlabs.com/task/5166/case/25734248","Labeled","Yes","3","'a'","'a'","","0.667","","'a'","2","0.02","'b'","1","0.01","'c'","0","0.0","'d'","0","0.0","'e'","0","0.0","'f'","0","0.0","'g'","0","0.0","'h'","0","0.0","","","[]","[]","","","","","","","","[]"
"25734249","ID184","2025-05-12 21:56:13+00:00","58431117","https://go.centaurlabs.com/task/5166/case/25734249","Labeled","Yes","3","'b'","'b'","","0.667","","'b'","2","0.02","'a'","1","0.01","'c'","0","0.0","'d'","0","0.0","'e'","0","0.0","'f'","0","0.0","'g'","0","0.0","'h'","0","0.0","","","[]","[]","","","","","","","","[]"
"25734250","ID182","2025-05-12 21:56:13+00:00","58431116","https://go.centaurlabs.com/task/5166/case/25734250","Labeled","Yes","3","'b'","'b'","","0.667","","'b'","2","0.02","'h'","1","0.01","'a'","0","0.0","'c'","0","0.0","'d'","0","0.0","'e'","0","0.0","'f'","0","0.0","'g'","0","0.0","","","[]","[]","","","","","","","","[]"
"25734251","ID181","2025-05-12 21:56:13+00:00","58431115","https://go.centaurlabs.com/task/5166/case/25734251","Labeled","Yes","3","'c'","'c'","","1.0","","'c'","3","0.03","'a'","0","0.0","'b'","0","0.0","'d'","0","0.0","'e'","0","0.0","'f'","0","0.0","'g'","0","0.0","'h'","0","0.0","","","[]","[]","","","","","","","","[]"
"25734252","ID180","2025-05-12 21:56:13+00:00","58431114","https://go.centaurlabs.com/task/5166/case/25734252","Labeled","Yes","3","'b'","'b'","","0.667","","'b'","2","0.02","'d'","1","0.01","'a'","0","0.0","'c'","0","0.0","'e'","0","0.0","'f'","0","0.0","'g'","0","0.0","'h'","0","0.0","","","[]","[{'messages': ['without imaging this is very difficult to answer'], 'labeler_id': 591931}]","","","","","","","","[]"
"25734253","ID172","2025-05-12 21:56:13+00:00","58431113","https://go.centaurlabs.com/task/5166/case/25734253","Labeled","Yes","3","'b'","'b'","","1.0","","'b'","3","0.03","'a'","0","0.0","'c'","0","0.0","'d'","0","0.0","'e'","0","0.0","'f'","0","0.0","'g'","0","0.0","'h'","0","0.0","","","[]","[]","","","","","","","","[]"
"25734254","ID171","2025-05-12 21:56:13+00:00","58431112","https://go.centaurlabs.com/task/5166/case/25734254","Labeled","Yes","3","'g'","'g'","","0.333","","'b'","1","0.01","'d'","1","0.01","'g'","1","0.01","'a'","0","0.0","'c'","0","0.0","'e'","0","0.0","'f'","0","0.0","'h'","0","0.0","","","[]","[]","","","","","","","","[]"
"25734255","ID165","2025-05-12 21:56:13+00:00","58431111","https://go.centaurlabs.com/task/5166/case/25734255","Labeled","Yes","3","'d'","'d'","","0.667","","'d'","2","0.02","'b'","1","0.01","'a'","0","0.0","'c'","0","0.0","'e'","0","0.0","'f'","0","0.0","'g'","0","0.0","'h'","0","0.0","","","[]","[]","","","","","","","","[]"
"25734256","ID148","2025-05-12 21:56:13+00:00","58431110","https://go.centaurlabs.com/task/5166/case/25734256","Labeled","Yes","3","'b'","'b'","","0.667","","'b'","2","0.02","'a'","1","0.01","'c'","0","0.0","'d'","0","0.0","'e'","0","0.0","'f'","0","0.0","'g'","0","0.0","'h'","0","0.0","","","[]","[]","","","","","","","","[]"
"25734257","ID147","2025-05-12 21:56:13+00:00","58431109","https://go.centaurlabs.com/task/5166/case/25734257","Labeled","Yes","3","'c'","'c'","","0.667","","'c'","2","0.02","'a'","1","0.01","'b'","0","0.0","'d'","0","0.0","'e'","0","0.0","'f'","0","0.0","'g'","0","0.0","'h'","0","0.0","","","[]","[]","","","","","","","","[]"
"25734258","ID141","2025-05-12 21:56:13+00:00","58431108","https://go.centaurlabs.com/task/5166/case/25734258","Labeled","Yes","3","'a'","'a'","","0.667","","'a'","2","0.02","'c'","1","0.01","'b'","0","0.0","'d'","0","0.0","'e'","0","0.0","'f'","0","0.0","'g'","0","0.0","'h'","0","0.0","","","[]","[]","","","","","","","","[]"
"25734259","ID132","2025-05-12 21:56:13+00:00","58431107","https://go.centaurlabs.com/task/5166/case/25734259","Labeled","Yes","3","'c'","'c'","","0.667","","'c'","2","0.02","'d'","1","0.01","'a'","0","0.0","'b'","0","0.0","'e'","0","0.0","'f'","0","0.0","'g'","0","0.0","'h'","0","0.0","","","[]","[]","","","","","","","","[]"
"25734260","ID127","2025-05-12 21:56:13+00:00","58431106","https://go.centaurlabs.com/task/5166/case/25734260","Labeled","Yes","3","'b'","'b'","","0.667","","'b'","2","0.02","'d'","1","0.01","'a'","0","0.0","'c'","0","0.0","'e'","0","0.0","'f'","0","0.0","'g'","0","0.0","'h'","0","0.0","","","[]","[]","","","","","","","","[]"
"25734261","ID125","2025-05-12 21:56:13+00:00","58431105","https://go.centaurlabs.com/task/5166/case/25734261","Labeled","Yes","3","'d'","'d'","","0.667","","'d'","2","0.02","'g'","1","0.01","'a'","0","0.0","'b'","0","0.0","'c'","0","0.0","'e'","0","0.0","'f'","0","0.0","'h'","0","0.0","","","[]","[]","","","","","","","","[]"
"25734262","ID120","2025-05-12 21:56:13+00:00","58431104","https://go.centaurlabs.com/task/5166/case/25734262","Labeled","Yes","3","'d'","'d'","","0.667","","'d'","2","0.02","'b'","1","0.01","'a'","0","0.0","'c'","0","0.0","'e'","0","0.0","'f'","0","0.0","'g'","0","0.0","'h'","0","0.0","","","[]","[]","","","","","","","","[]"
"25734263","ID117","2025-05-12 21:56:13+00:00","58431103","https://go.centaurlabs.com/task/5166/case/25734263","Labeled","Yes","3","'a'","'a'","","0.333","","'a'","1","0.01","'b'","1","0.01","'d'","1","0.01","'c'","0","0.0","'e'","0","0.0","'f'","0","0.0","'g'","0","0.0","'h'","0","0.0","","","[]","[]","","","","","","","","[]"
"25734264","ID110","2025-05-12 21:56:13+00:00","58431102","https://go.centaurlabs.com/task/5166/case/25734264","Labeled","Yes","3","'b'","'b'","","0.667","","'b'","2","0.02","'c'","1","0.01","'a'","0","0.0","'d'","0","0.0","'e'","0","0.0","'f'","0","0.0","'g'","0","0.0","'h'","0","0.0","","","[]","[{'messages': ['incomplete info'], 'labeler_id': 591924}]","","","","","","","","[]"
"25734265","ID104","2025-05-12 21:56:13+00:00","58431101","https://go.centaurlabs.com/task/5166/case/25734265","Labeled","Yes","3","'b'","'b'","","0.667","","'b'","2","0.02","'d'","1","0.01","'a'","0","0.0","'c'","0","0.0","'e'","0","0.0","'f'","0","0.0","'g'","0","0.0","'h'","0","0.0","","","[]","[]","","","","","","","","[]"
"25734266","ID103","2025-05-12 21:56:13+00:00","58431100","https://go.centaurlabs.com/task/5166/case/25734266","Labeled","Yes","3","'b'","'b'","","1.0","","'b'","3","0.03","'a'","0","0.0","'c'","0","0.0","'d'","0","0.0","'e'","0","0.0","'f'","0","0.0","'g'","0","0.0","'h'","0","0.0","","","[]","[]","","","","","","","","[]"
"25734267","ID097","2025-05-12 21:56:13+00:00","58431099","https://go.centaurlabs.com/task/5166/case/25734267","Labeled","Yes","3","'f'","'f'","","0.667","","'f'","2","0.02","'h'","1","0.01","'a'","0","0.0","'b'","0","0.0","'c'","0","0.0","'d'","0","0.0","'e'","0","0.0","'g'","0","0.0","","","[]","[]","","","","","","","","[]"
"25734268","ID091","2025-05-12 21:56:13+00:00","58431098","https://go.centaurlabs.com/task/5166/case/25734268","Labeled","Yes","3","'b'","'b'","","0.667","","'b'","2","0.02","'c'","1","0.01","'a'","0","0.0","'d'","0","0.0","'e'","0","0.0","'f'","0","0.0","'g'","0","0.0","'h'","0","0.0","","","[]","[]","","","","","","","","[]"
"25734269","ID084","2025-05-12 21:56:13+00:00","58431097","https://go.centaurlabs.com/task/5166/case/25734269","Labeled","Yes","3","'b'","'b'","","0.667","","'b'","2","0.02","'d'","1","0.01","'a'","0","0.0","'c'","0","0.0","'e'","0","0.0","'f'","0","0.0","'g'","0","0.0","'h'","0","0.0","","","[]","[]","","","","","","","","[]"
"25734270","ID079","2025-05-12 21:56:13+00:00","58431096","https://go.centaurlabs.com/task/5166/case/25734270","Labeled","Yes","3","'b'","'b'","","0.667","","'b'","2","0.02","'e'","1","0.01","'a'","0","0.0","'c'","0","0.0","'d'","0","0.0","'f'","0","0.0","'g'","0","0.0","'h'","0","0.0","","","[]","[]","","","","","","","","[]"
"25734271","ID075","2025-05-12 21:56:13+00:00","58431095","https://go.centaurlabs.com/task/5166/case/25734271","Labeled","Yes","3","'b'","'b'","","0.333","","'a'","1","0.01","'b'","1","0.01","'d'","1","0.01","'c'","0","0.0","'e'","0","0.0","'f'","0","0.0","'g'","0","0.0","'h'","0","0.0","","","[]","[]","","","","","","","","[]"
"25734272","ID073","2025-05-12 21:56:13+00:00","58431094","https://go.centaurlabs.com/task/5166/case/25734272","Labeled","Yes","3","'c'","'c'","","0.333","","'b'","1","0.01","'c'","1","0.01","'d'","1","0.01","'a'","0","0.0","'e'","0","0.0","'f'","0","0.0","'g'","0","0.0","'h'","0","0.0","","","[]","[]","","","","","","","","[]"
"25734273","ID069","2025-05-12 21:56:13+00:00","58431093","https://go.centaurlabs.com/task/5166/case/25734273","Labeled","Yes","3","'b'","'b'","","0.667","","'b'","2","0.02","'c'","1","0.01","'a'","0","0.0","'d'","0","0.0","'e'","0","0.0","'f'","0","0.0","'g'","0","0.0","'h'","0","0.0","","","[]","[]","","","","","","","","[]"
"25734274","ID064","2025-05-12 21:56:13+00:00","58431092","https://go.centaurlabs.com/task/5166/case/25734274","Labeled","Yes","3","'b'","'b'","","0.667","","'b'","2","0.02","'d'","1","0.01","'a'","0","0.0","'c'","0","0.0","'e'","0","0.0","'f'","0","0.0","'g'","0","0.0","'h'","0","0.0","","","[]","[]","","","","","","","","[]"
"25734275","ID062","2025-05-12 21:56:13+00:00","58431091","https://go.centaurlabs.com/task/5166/case/25734275","Labeled","Yes","3","'a'","'a'","","0.667","","'a'","2","0.02","'d'","1","0.01","'b'","0","0.0","'c'","0","0.0","'e'","0","0.0","'f'","0","0.0","'g'","0","0.0","'h'","0","0.0","","","[]","[]","","","","","","","","[]"
"25734276","ID056","2025-05-12 21:56:13+00:00","58431090","https://go.centaurlabs.com/task/5166/case/25734276","Labeled","Yes","3","'b'","'b'","","0.667","","'b'","2","0.02","'c'","1","0.01","'a'","0","0.0","'d'","0","0.0","'e'","0","0.0","'f'","0","0.0","'g'","0","0.0","'h'","0","0.0","","","[]","[]","","","","","","","","[]"
"25734277","ID055","2025-05-12 21:56:13+00:00","58431089","https://go.centaurlabs.com/task/5166/case/25734277","Labeled","Yes","3","'b'","'b'","","1.0","","'b'","3","0.03","'a'","0","0.0","'c'","0","0.0","'d'","0","0.0","'e'","0","0.0","'f'","0","0.0","'g'","0","0.0","'h'","0","0.0","","","[]","[]","","","","","","","","[]"
"25734278","ID047","2025-05-12 21:56:13+00:00","58431088","https://go.centaurlabs.com/task/5166/case/25734278","Labeled","Yes","3","'a'","'a'","","0.667","","'a'","2","0.02","'b'","1","0.01","'c'","0","0.0","'d'","0","0.0","'e'","0","0.0","'f'","0","0.0","'g'","0","0.0","'h'","0","0.0","","","[]","[]","","","","","","","","[]"
"25734279","ID045","2025-05-12 21:56:13+00:00","58431087","https://go.centaurlabs.com/task/5166/case/25734279","Labeled","Yes","3","'b'","'b'","","1.0","","'b'","3","0.03","'a'","0","0.0","'c'","0","0.0","'d'","0","0.0","'e'","0","0.0","'f'","0","0.0","'g'","0","0.0","'h'","0","0.0","","","[]","[]","","","","","","","","[]"
"25734280","ID041","2025-05-12 21:56:13+00:00","58431086","https://go.centaurlabs.com/task/5166/case/25734280","Labeled","Yes","3","'b'","'b'","","0.333","","'a'","1","0.01","'b'","1","0.01","'j'","1","0.01","'c'","0","0.0","'d'","0","0.0","'e'","0","0.0","'f'","0","0.0","'g'","0","0.0","","","[]","[]","","","","","","","","[]"
"25734281","ID034","2025-05-12 21:56:13+00:00","58431085","https://go.centaurlabs.com/task/5166/case/25734281","Labeled","Yes","3","'a'","'a'","","0.333","","'a'","1","0.01","'b'","1","0.01","'c'","1","0.01","'d'","0","0.0","'e'","0","0.0","'f'","0","0.0","'g'","0","0.0","'h'","0","0.0","","","[]","[]","","","","","","","","[]"
"25734282","ID026","2025-05-12 21:56:13+00:00","58431084","https://go.centaurlabs.com/task/5166/case/25734282","Labeled","Yes","3","'b'","'b'","","1.0","","'b'","3","0.03","'a'","0","0.0","'c'","0","0.0","'d'","0","0.0","'e'","0","0.0","'f'","0","0.0","'g'","0","0.0","'h'","0","0.0","","","[]","[]","","","","","","","","[]"
"25734283","ID024","2025-05-12 21:56:13+00:00","58431083","https://go.centaurlabs.com/task/5166/case/25734283","Labeled","Yes","3","'a'","'a'","","0.333","","'a'","1","0.01","'b'","1","0.01","'c'","1","0.01","'d'","0","0.0","'e'","0","0.0","'f'","0","0.0","'g'","0","0.0","'h'","0","0.0","","","[]","[{'messages': ['the choices appeared in the excerpt'], 'labeler_id': 591924}]","","","","","","","","[]"
"25734284","ID014","2025-05-12 21:56:13+00:00","58431082","https://go.centaurlabs.com/task/5166/case/25734284","Labeled","Yes","3","'e'","'e'","","0.333","","'c'","1","0.01","'e'","1","0.01","'g'","1","0.01","'a'","0","0.0","'b'","0","0.0","'d'","0","0.0","'f'","0","0.0","'h'","0","0.0","","","[]","[{'messages': ['again no hpi'], 'labeler_id': 591924}]","","","","","","","","[]"
"25734285","ID248","2025-05-12 21:56:13+00:00","58431081","https://go.centaurlabs.com/task/5166/case/25734285","Labeled","Yes","3","'h'","'h'","","0.333","","'c'","1","0.01","'h'","1","0.01","'i'","1","0.01","'a'","0","0.0","'b'","0","0.0","'d'","0","0.0","'e'","0","0.0","'f'","0","0.0","","","[]","[]","","","","","","","","[]"
"25734286","ID246","2025-05-12 21:56:13+00:00","58431080","https://go.centaurlabs.com/task/5166/case/25734286","Labeled","Yes","3","'a'","'a'","","0.667","","'a'","2","0.02","'d'","1","0.01","'b'","0","0.0","'c'","0","0.0","'e'","0","0.0","'f'","0","0.0","'g'","0","0.0","'h'","0","0.0","","","[]","[]","","","","","","","","[]"
"25734287","ID236","2025-05-12 21:56:13+00:00","58431079","https://go.centaurlabs.com/task/5166/case/25734287","Labeled","Yes","3","'b'","'b'","","0.667","","'b'","2","0.02","'a'","1","0.01","'c'","0","0.0","'d'","0","0.0","'e'","0","0.0","'f'","0","0.0","'g'","0","0.0","'h'","0","0.0","","","[]","[]","","","","","","","","[]"
"25734288","ID235","2025-05-12 21:56:13+00:00","58431078","https://go.centaurlabs.com/task/5166/case/25734288","Labeled","Yes","3","'a'","'a'","","1.0","","'a'","3","0.03","'b'","0","0.0","'c'","0","0.0","'d'","0","0.0","'e'","0","0.0","'f'","0","0.0","'g'","0","0.0","'h'","0","0.0","","","[]","[]","","","","","","","","[]"
"25734289","ID224","2025-05-12 21:56:13+00:00","58431077","https://go.centaurlabs.com/task/5166/case/25734289","Labeled","Yes","3","'c'","'c'","","1.0","","'c'","3","0.03","'a'","0","0.0","'b'","0","0.0","'d'","0","0.0","'e'","0","0.0","'f'","0","0.0","'g'","0","0.0","'h'","0","0.0","","","[]","[]","","","","","","","","[]"
"25734290","ID223","2025-05-12 21:56:13+00:00","58431076","https://go.centaurlabs.com/task/5166/case/25734290","Labeled","Yes","3","'a'","'a'","","0.667","","'a'","2","0.02","'b'","1","0.01","'c'","0","0.0","'d'","0","0.0","'e'","0","0.0","'f'","0","0.0","'g'","0","0.0","'h'","0","0.0","","","[]","[]","","","","","","","","[]"
"25734291","ID217","2025-05-12 21:56:13+00:00","58431075","https://go.centaurlabs.com/task/5166/case/25734291","Labeled","Yes","3","'a'","'a'","","1.0","","'a'","3","0.03","'b'","0","0.0","'c'","0","0.0","'d'","0","0.0","'e'","0","0.0","'f'","0","0.0","'g'","0","0.0","'h'","0","0.0","","","[]","[]","","","","","","","","[]"
"25734292","ID216","2025-05-12 21:56:13+00:00","58431074","https://go.centaurlabs.com/task/5166/case/25734292","Labeled","Yes","3","'d'","'d'","","0.667","","'d'","2","0.02","'b'","1","0.01","'a'","0","0.0","'c'","0","0.0","'e'","0","0.0","'f'","0","0.0","'g'","0","0.0","'h'","0","0.0","","","[]","[]","","","","","","","","[]"
"25734293","ID202","2025-05-12 21:56:13+00:00","58431073","https://go.centaurlabs.com/task/5166/case/25734293","Labeled","Yes","3","'a'","'a'","","0.333","","'a'","1","0.01","'g'","1","0.01","'j'","1","0.01","'b'","0","0.0","'c'","0","0.0","'d'","0","0.0","'e'","0","0.0","'f'","0","0.0","","","[]","[]","","","","","","","","[]"
"25734294","ID201","2025-05-12 21:56:13+00:00","58431072","https://go.centaurlabs.com/task/5166/case/25734294","Labeled","Yes","3","'c'","'c'","","0.667","","'c'","2","0.02","'b'","1","0.01","'a'","0","0.0","'d'","0","0.0","'e'","0","0.0","'f'","0","0.0","'g'","0","0.0","'h'","0","0.0","","","[]","[]","","","","","","","","[]"
"25734295","ID191","2025-05-12 21:56:13+00:00","58431071","https://go.centaurlabs.com/task/5166/case/25734295","Labeled","Yes","3","'a'","'a'","","1.0","","'a'","3","0.03","'b'","0","0.0","'c'","0","0.0","'d'","0","0.0","'e'","0","0.0","'f'","0","0.0","'g'","0","0.0","'h'","0","0.0","","","[]","[]","","","","","","","","[]"
"25734296","ID179","2025-05-12 21:56:13+00:00","58431070","https://go.centaurlabs.com/task/5166/case/25734296","Labeled","Yes","3","'a'","'a'","","0.333","","'a'","1","0.01","'b'","1","0.01","'d'","1","0.01","'c'","0","0.0","'e'","0","0.0","'f'","0","0.0","'g'","0","0.0","'h'","0","0.0","","","[]","[]","","","","","","","","[]"
"25734297","ID177","2025-05-12 21:56:13+00:00","58431069","https://go.centaurlabs.com/task/5166/case/25734297","Labeled","Yes","3","'a'","'a'","","0.333","","'a'","1","0.01","'b'","1","0.01","'c'","1","0.01","'d'","0","0.0","'e'","0","0.0","'f'","0","0.0","'g'","0","0.0","'h'","0","0.0","","","[]","[]","","","","","","","","[]"
"25734298","ID170","2025-05-12 21:56:13+00:00","58431068","https://go.centaurlabs.com/task/5166/case/25734298","Labeled","Yes","3","'c'","'c'","","0.333","","'a'","1","0.01","'b'","1","0.01","'c'","1","0.01","'d'","0","0.0","'e'","0","0.0","'f'","0","0.0","'g'","0","0.0","'h'","0","0.0","","","[]","[{'messages': ['again no hpi'], 'labeler_id': 591924}]","","","","","","","","[]"
"25734299","ID168","2025-05-12 21:56:13+00:00","58431067","https://go.centaurlabs.com/task/5166/case/25734299","Labeled","Yes","3","'a'","'a'","","0.667","","'a'","2","0.02","'b'","1","0.01","'c'","0","0.0","'d'","0","0.0","'e'","0","0.0","'f'","0","0.0","'g'","0","0.0","'h'","0","0.0","","","[]","[]","","","","","","","","[]"
"25734300","ID164","2025-05-12 21:56:13+00:00","58431066","https://go.centaurlabs.com/task/5166/case/25734300","Labeled","Yes","3","'c'","'c'","","0.667","","'c'","2","0.02","'e'","1","0.01","'a'","0","0.0","'b'","0","0.0","'d'","0","0.0","'f'","0","0.0","'g'","0","0.0","'h'","0","0.0","","","[]","[]","","","","","","","","[]"
"25734301","ID163","2025-05-12 21:56:13+00:00","58431065","https://go.centaurlabs.com/task/5166/case/25734301","Labeled","Yes","3","'a'","'a'","","1.0","","'a'","3","0.03","'b'","0","0.0","'c'","0","0.0","'d'","0","0.0","'e'","0","0.0","'f'","0","0.0","'g'","0","0.0","'h'","0","0.0","","","[]","[]","","","","","","","","[]"
"25734302","ID161","2025-05-12 21:56:13+00:00","58431064","https://go.centaurlabs.com/task/5166/case/25734302","Labeled","Yes","3","'b'","'b'","","0.333","","'a'","1","0.01","'b'","1","0.01","'d'","1","0.01","'c'","0","0.0","'e'","0","0.0","'f'","0","0.0","'g'","0","0.0","'h'","0","0.0","","","[]","[]","","","","","","","","[]"
"25734303","ID153","2025-05-12 21:56:13+00:00","58431063","https://go.centaurlabs.com/task/5166/case/25734303","Labeled","Yes","3","'e'","'e'","","0.333","","'b'","1","0.01","'c'","1","0.01","'e'","1","0.01","'a'","0","0.0","'d'","0","0.0","'f'","0","0.0","'g'","0","0.0","'h'","0","0.0","","","[]","[{'messages': ['Outside scope of knowledge'], 'labeler_id': 584340}]","","","","","","","","[]"
"25734304","ID145","2025-05-12 21:56:13+00:00","58431062","https://go.centaurlabs.com/task/5166/case/25734304","Labeled","Yes","3","'a'","'a'","","1.0","","'a'","3","0.03","'b'","0","0.0","'c'","0","0.0","'d'","0","0.0","'e'","0","0.0","'f'","0","0.0","'g'","0","0.0","'h'","0","0.0","","","[]","[]","","","","","","","","[]"
"25734305","ID142","2025-05-12 21:56:13+00:00","58431061","https://go.centaurlabs.com/task/5166/case/25734305","Labeled","Yes","3","'c'","'c'","","0.667","","'c'","2","0.02","'b'","1","0.01","'a'","0","0.0","'d'","0","0.0","'e'","0","0.0","'f'","0","0.0","'g'","0","0.0","'h'","0","0.0","","","[]","[]","","","","","","","","[]"
"25734306","ID138","2025-05-12 21:56:13+00:00","58431060","https://go.centaurlabs.com/task/5166/case/25734306","Labeled","Yes","3","'a'","'a'","","0.667","","'a'","2","0.02","'b'","1","0.01","'c'","0","0.0","'d'","0","0.0","'e'","0","0.0","'f'","0","0.0","'g'","0","0.0","'h'","0","0.0","","","[]","[]","","","","","","","","[]"
"25734307","ID134","2025-05-12 21:56:13+00:00","58431059","https://go.centaurlabs.com/task/5166/case/25734307","Labeled","Yes","3","'c'","'c'","","1.0","","'c'","3","0.03","'a'","0","0.0","'b'","0","0.0","'d'","0","0.0","'e'","0","0.0","'f'","0","0.0","'g'","0","0.0","'h'","0","0.0","","","[]","[]","","","","","","","","[]"
"25734308","ID123","2025-05-12 21:56:13+00:00","58431058","https://go.centaurlabs.com/task/5166/case/25734308","Labeled","Yes","3","'c'","'c'","","0.667","","'c'","2","0.02","'d'","1","0.01","'a'","0","0.0","'b'","0","0.0","'e'","0","0.0","'f'","0","0.0","'g'","0","0.0","'h'","0","0.0","","","[]","[]","","","","","","","","[]"
"25734309","ID102","2025-05-12 21:56:13+00:00","58431057","https://go.centaurlabs.com/task/5166/case/25734309","Labeled","Yes","3","'a'","'a'","","1.0","","'a'","3","0.03","'b'","0","0.0","'c'","0","0.0","'d'","0","0.0","'e'","0","0.0","'f'","0","0.0","'g'","0","0.0","'h'","0","0.0","","","[]","[]","","","","","","","","[]"
"25734310","ID088","2025-05-12 21:56:13+00:00","58431056","https://go.centaurlabs.com/task/5166/case/25734310","Labeled","Yes","3","'c'","'c'","","0.667","","'c'","2","0.02","'d'","1","0.01","'a'","0","0.0","'b'","0","0.0","'e'","0","0.0","'f'","0","0.0","'g'","0","0.0","'h'","0","0.0","","","[]","[]","","","","","","","","[]"
"25734311","ID074","2025-05-12 21:56:13+00:00","58431055","https://go.centaurlabs.com/task/5166/case/25734311","Labeled","Yes","3","'g'","'g'","","0.667","","'g'","2","0.02","'d'","1","0.01","'a'","0","0.0","'b'","0","0.0","'c'","0","0.0","'e'","0","0.0","'f'","0","0.0","'h'","0","0.0","","","[]","[]","","","","","","","","[]"
"25734312","ID053","2025-05-12 21:56:13+00:00","58431054","https://go.centaurlabs.com/task/5166/case/25734312","Labeled","Yes","3","'i'","'i'","","0.667","","'i'","2","0.02","'a'","1","0.01","'b'","0","0.0","'c'","0","0.0","'d'","0","0.0","'e'","0","0.0","'f'","0","0.0","'g'","0","0.0","","","[]","[]","","","","","","","","[]"
"25734313","ID050","2025-05-12 21:56:13+00:00","58431053","https://go.centaurlabs.com/task/5166/case/25734313","Labeled","Yes","3","'a'","'a'","","0.333","","'a'","1","0.01","'d'","1","0.01","'e'","1","0.01","'b'","0","0.0","'c'","0","0.0","'f'","0","0.0","'g'","0","0.0","'h'","0","0.0","","","[]","[]","","","","","","","","[]"
"25734314","ID017","2025-05-12 21:56:13+00:00","58431052","https://go.centaurlabs.com/task/5166/case/25734314","Labeled","Yes","3","'a'","'a'","","0.667","","'a'","2","0.02","'b'","1","0.01","'c'","0","0.0","'d'","0","0.0","'e'","0","0.0","'f'","0","0.0","'g'","0","0.0","'h'","0","0.0","","","[]","[]","","","","","","","","[]"
"25734315","ID011","2025-05-12 21:56:13+00:00","58431051","https://go.centaurlabs.com/task/5166/case/25734315","Labeled","Yes","3","'a'","'a'","","1.0","","'a'","3","0.03","'b'","0","0.0","'c'","0","0.0","'d'","0","0.0","'e'","0","0.0","'f'","0","0.0","'g'","0","0.0","'h'","0","0.0","","","[]","[]","","","","","","","","[]"
"25734316","ID007","2025-05-12 21:56:13+00:00","58431050","https://go.centaurlabs.com/task/5166/case/25734316","Labeled","Yes","3","'d'","'d'","","0.667","","'d'","2","0.02","'a'","1","0.01","'b'","0","0.0","'c'","0","0.0","'e'","0","0.0","'f'","0","0.0","'g'","0","0.0","'h'","0","0.0","","","[]","[{'messages': ['incomplete info'], 'labeler_id': 591924}]","","","","","","","","[]"
"25734317","ID006","2025-05-12 21:56:13+00:00","58431049","https://go.centaurlabs.com/task/5166/case/25734317","Labeled","Yes","3","'a'","'a'","","1.0","","'a'","3","0.03","'b'","0","0.0","'c'","0","0.0","'d'","0","0.0","'e'","0","0.0","'f'","0","0.0","'g'","0","0.0","'h'","0","0.0","","","[]","[]","","","","","","","","[]"
"25734318","ID002","2025-05-12 21:56:13+00:00","58431048","https://go.centaurlabs.com/task/5166/case/25734318","Labeled","Yes","3","'b'","'b'","","0.333","","'b'","1","0.01","'c'","1","0.01","'d'","1","0.01","'a'","0","0.0","'e'","0","0.0","'f'","0","0.0","'g'","0","0.0","'h'","0","0.0","","","[]","[{'messages': ['excerpt has answer choices'], 'labeler_id': 591924}]","","","","","","","","[]"
