QA_ID,Origin,Round 2,Round 1,Ground_Truth,data_source
Merge Q1,ID0002,D,D,D,jama
Merge Q2,ID0003,G,C,G,medxpert
Merge Q3,ID0007,A,D,B,medbullets
Merge Q4,ID0009,D,D,D,jama
Merge Q5,ID0010,H,C,H,medxpert
Merge Q6,ID0013,B,C,B,mmlu
Merge Q7,ID0015,C,A,C,jama
Merge Q8,ID0016,B,B,B,jama
Merge Q9,ID0017,B,C,C,jama
Merge Q10,ID0018,D,C,D,jama
Merge Q11,ID0021,C,B,B,jama
Merge Q12,ID0024,B,D,B,mmlu
Merge Q13,ID0025,B,D,F,medxpert
Merge Q14,ID0027,D,B,D,mmlu
Merge Q15,ID0028,A,D,A,medbullets
Merge Q16,ID0029,A,B,A,medbullets
Merge Q17,ID0030,B,B,B,jama
Merge Q18,ID0032,D,D,D,medbullets
Merge Q19,ID0034,A,D,A,medbullets
Merge Q20,ID0039,B,C,B,mmlu
Merge Q21,ID0041,A,D,A,jama
Merge Q22,ID0042,C,D,B,medxpert
Merge Q23,ID0043,C,A,C,jama
Merge Q24,ID0044,B,C,B,jama
Merge Q25,ID0045,A,B,D,medxpert
Merge Q26,ID0046,D,B,D,medbullets
Merge Q27,ID0047,A,C,A,jama
Merge Q28,ID0048,D,B,D,medbullets
Merge Q29,ID0049,B,B,B,jama
Merge Q30,ID0052,C,C,C,jama
Merge Q31,ID0053,G,B,H,medxpert
Merge Q32,ID0054,B,C,A,jama
Merge Q33,ID0055,B,D,A,medbullets
Merge Q34,ID0056,D,D,D,medxpert
Merge Q35,ID0057,D,C,D,mmlu
Merge Q36,ID0059,B,D,B,mmlu
Merge Q37,ID0060,A,B,C,jama
Merge Q38,ID0062,B,C,B,jama
Merge Q39,ID0063,J,D,B,medxpert
Merge Q40,ID0064,D,B,D,mmlu
Merge Q41,ID0067,D,B,A,medbullets
Merge Q42,ID0069,D,A,D,jama
Merge Q43,ID0071,E,C,D,medxpert
Merge Q44,ID0072,C,D,C,jama
Merge Q45,ID0073,G,D,G,medxpert
Merge Q46,ID0074,C,C,C,mmlu
Merge Q47,ID0076,C,A,C,jama
Merge Q48,ID0078,B,C,B,medbullets
Merge Q49,ID0079,B,C,B,jama
Merge Q50,ID0081,C,A,D,jama
Merge Q51,ID0082,B,C,B,medbullets
Merge Q52,ID0085,E,A,J,medxpert
Merge Q53,ID0086,D,D,H,medxpert
Merge Q54,ID0088,C,C,B,jama
Merge Q55,ID0089,A,C,A,jama
Merge Q56,ID0092,B,D,B,medxpert
Merge Q57,ID0093,C,A,C,jama
Merge Q58,ID0094,C,A,C,jama
Merge Q59,ID0096,D,B,E,medxpert
Merge Q60,ID0097,D,C,D,jama
Merge Q61,ID0098,D,B,D,mmlu
Merge Q62,ID0099,D,A,E,medxpert
Merge Q63,ID0101,A,C,A,medbullets
Merge Q64,ID0102,C,C,D,medbullets
Merge Q65,ID0106,A,C,C,medbullets
Merge Q66,ID0108,A,D,C,jama
Merge Q67,ID0109,A,D,A,jama
Merge Q68,ID0110,B,C,B,jama
Merge Q69,ID0111,D,B,D,medbullets
Merge Q70,ID0112,G,C,D,medxpert
Merge Q71,ID0113,D,B,D,mmlu
Merge Q72,ID0115,B,D,D,medbullets
Merge Q73,ID0116,A,D,A,jama
Merge Q74,ID0117,B,B,D,mmlu
Merge Q75,ID0119,C,C,D,jama
Merge Q76,ID0122,D,C,D,mmlu
Merge Q77,ID0124,C,C,C,jama
Merge Q78,ID0125,B,A,D,jama
Merge Q79,ID0127,D,B,B,jama
Merge Q80,ID0129,C,C,A,mmlu
Merge Q81,ID0130,D,C,C,jama
Merge Q82,ID0133,D,D,D,jama
Merge Q83,ID0135,B,C,A,medbullets
Merge Q84,ID0136,B,B,B,mmlu
Merge Q85,ID0137,A,D,D,medxpert
Merge Q86,ID0140,D,B,G,medxpert
Merge Q87,ID0141,A,A,I,medxpert
Merge Q88,ID0142,C,C,C,jama
Merge Q89,ID0144,B,A,A,medbullets
Merge Q90,ID0146,A,B,A,jama
Merge Q91,ID0147,B,C,B,jama
Merge Q92,ID0148,I,D,C,medxpert
Merge Q93,ID0149,B,A,B,jama
Merge Q94,ID0150,C,A,A,jama
Merge Q95,ID0151,J,B,J,medxpert
Merge Q96,ID0152,B,D,C,medbullets
Merge Q97,ID0153,D,C,D,jama
Merge Q98,ID0154,A,D,A,mmlu
Merge Q99,ID0155,C,B,C,jama
Merge Q100,ID0157,C,D,C,jama
Merge Q101,ID0161,C,B,C,jama
Merge Q102,ID0162,D,A,A,medbullets
Merge Q103,ID0163,B,B,C,jama
Merge Q104,ID0164,B,C,B,mmlu
Merge Q105,ID0165,I,D,I,medxpert
Merge Q106,ID0166,F,C,F,medxpert
Merge Q107,ID0168,B,C,B,mmlu
Merge Q108,ID0169,A,B,B,jama
Merge Q109,ID0170,D,B,G,medxpert
Merge Q110,ID0172,C,B,D,jama
Merge Q111,ID0177,B,C,B,medbullets
Merge Q112,ID0182,D,B,A,medbullets
Merge Q113,ID0184,C,B,C,mmlu
Merge Q114,ID0185,D,D,D,medbullets
Merge Q115,ID0186,C,A,C,jama
Merge Q116,ID0189,A,D,A,mmlu
Merge Q117,ID0190,C,C,A,mmlu
Merge Q118,ID0191,D,C,C,jama
Merge Q119,ID0192,A,A,D,jama
Merge Q120,ID0193,E,A,E,medxpert
Merge Q121,ID0195,B,C,C,jama
Merge Q122,ID0198,A,C,A,medbullets
Merge Q123,ID0199,B,A,C,jama
Merge Q124,ID0200,A,D,J,medxpert
Merge Q125,ID0202,D,D,D,jama
Merge Q126,ID0206,D,C,D,jama
Merge Q127,ID0207,D,C,J,medxpert
Merge Q128,ID0209,D,B,D,mmlu
Merge Q129,ID0211,A,C,A,medxpert
Merge Q130,ID0213,C,B,C,jama
Merge Q131,ID0215,B,D,B,jama
Merge Q132,ID0216,B,C,A,medxpert
Merge Q133,ID0217,C,B,C,mmlu
Merge Q134,ID0219,B,C,B,jama
Merge Q135,ID0220,B,B,B,mmlu
Merge Q136,ID0221,A,B,A,medbullets
Merge Q137,ID0222,B,B,D,jama
Merge Q138,ID0229,A,C,A,medxpert
Merge Q139,ID0230,C,C,C,jama
Merge Q140,ID0232,B,D,B,jama
Merge Q141,ID0233,B,C,B,medxpert
Merge Q142,ID0235,H,D,B,medxpert
Merge Q143,ID0236,C,D,C,jama
Merge Q144,ID0237,A,B,A,mmlu
Merge Q145,ID0238,A,C,D,medbullets
Merge Q146,ID0240,C,B,A,jama
Merge Q147,ID0241,C,D,A,jama
Merge Q148,ID0242,G,D,A,medxpert
Merge Q149,ID0243,C,B,C,jama
Merge Q150,ID0244,C,D,C,medbullets
Merge Q151,ID0246,D,B,C,jama
Merge Q152,ID0247,C,C,C,medbullets
Merge Q153,ID0248,A,D,C,medxpert
Merge Q154,ID0249,A,C,C,medbullets
Merge Q155,ID0251,D,B,D,mmlu
Merge Q156,ID0253,B,B,D,mmlu
Merge Q157,ID0254,D,B,D,jama
Merge Q158,ID0256,D,B,D,mmlu
Merge Q159,ID0257,C,A,B,jama
Merge Q160,ID0258,C,D,C,jama
Merge Q161,ID0262,C,C,H,medxpert
Merge Q162,ID0265,C,B,C,mmlu
Merge Q163,ID0268,D,C,C,jama
Merge Q164,ID0270,D,D,D,mmlu
Merge Q165,ID0275,A,A,C,medxpert
Merge Q166,ID0277,B,B,B,jama
Merge Q167,ID0278,C,C,C,jama
Merge Q168,ID0280,B,A,B,jama
Merge Q169,ID0281,J,A,A,medxpert
Merge Q170,ID0283,A,C,B,jama
Merge Q171,ID0284,F,C,I,medxpert
Merge Q172,ID0286,C,C,C,jama
Merge Q173,ID0287,C,C,C,jama
Merge Q174,ID0289,B,B,B,jama
Merge Q175,ID0291,E,B,D,medxpert
Merge Q176,ID0292,B,D,G,medxpert
Merge Q177,ID0293,F,C,B,medxpert
Merge Q178,ID0295,A,D,A,jama
Merge Q179,ID0296,B,B,C,jama
Merge Q180,ID0297,B,C,B,jama
Merge Q181,ID0298,H,B,H,medxpert
Merge Q182,ID0300,C,A,C,jama
Merge Q183,ID0301,B,C,A,jama
Merge Q184,ID0302,C,A,C,jama
Merge Q185,ID0303,F,C,F,medxpert
Merge Q186,ID0304,C,A,I,medxpert
Merge Q187,ID0305,C,B,B,medbullets
Merge Q188,ID0307,D,C,D,mmlu
Merge Q189,ID0309,B,B,A,medbullets
Merge Q190,ID0310,A,C,C,jama
Merge Q191,ID0313,A,C,A,mmlu
Merge Q192,ID0314,C,C,C,medbullets
Merge Q193,ID0315,C,D,C,mmlu
Merge Q194,ID0317,A,D,F,medxpert
Merge Q195,ID0320,F,C,A,medxpert
Merge Q196,ID0321,B,A,B,jama
Merge Q197,ID0323,D,C,D,jama
Merge Q198,ID0324,C,A,C,jama
Merge Q199,ID0325,C,B,B,medbullets
Merge Q200,ID0326,B,A,B,jama
Merge Q201,ID0327,D,D,C,medxpert
Merge Q202,ID0328,B,C,A,jama
Merge Q203,ID0330,C,C,C,medbullets
Merge Q204,ID0331,C,B,C,jama
Merge Q205,ID0332,C,B,C,jama
Merge Q206,ID0334,B,A,C,jama
Merge Q207,ID0336,A,C,E,medxpert
Merge Q208,ID0337,D,A,C,jama
Merge Q209,ID0339,B,C,B,mmlu
Merge Q210,ID0342,B,D,B,jama
Merge Q211,ID0345,A,B,A,jama
Merge Q212,ID0349,F,B,C,medxpert
Merge Q213,ID0351,A,C,D,jama
Merge Q214,ID0352,A,C,A,jama
Merge Q215,ID0353,J,A,H,medxpert
Merge Q216,ID0356,C,A,A,jama
Merge Q217,ID0357,B,C,B,medxpert
Merge Q218,ID0359,H,D,A,medxpert
Merge Q219,ID0360,A,C,A,mmlu
Merge Q220,ID0362,A,B,C,jama
Merge Q221,ID0363,A,A,A,medbullets
Merge Q222,ID0364,B,A,B,jama
Merge Q223,ID0365,B,A,C,jama
Merge Q224,ID0366,D,D,B,jama
Merge Q225,ID0367,C,D,F,medxpert
Merge Q226,ID0368,D,C,D,jama
Merge Q227,ID0371,F,D,F,medxpert
Merge Q228,ID0373,C,A,C,jama
Merge Q229,ID0376,B,D,A,medxpert
Merge Q230,ID0377,C,A,A,jama
Merge Q231,ID0379,H,D,C,medxpert
Merge Q232,ID0382,C,B,C,medbullets
Merge Q233,ID0385,H,B,I,medxpert
Merge Q234,ID0387,C,B,C,jama
Merge Q235,ID0388,B,C,F,medxpert
Merge Q236,ID0389,C,B,C,jama
Merge Q237,ID0391,A,B,A,medxpert
Merge Q238,ID0393,D,A,D,jama
Merge Q239,ID0395,D,B,C,jama
Merge Q240,ID0396,B,B,B,medbullets
Merge Q241,ID0397,F,A,B,medxpert
Merge Q242,ID0399,C,C,C,jama
Merge Q243,ID0400,B,A,B,jama
Merge Q244,ID0402,B,D,B,jama
Merge Q245,ID0403,B,A,B,medbullets
Merge Q246,ID0404,A,B,D,jama
Merge Q247,ID0405,B,C,B,jama
Merge Q248,ID0406,D,B,D,mmlu
Merge Q249,ID0407,A,A,G,medxpert
Merge Q250,ID0409,D,C,D,mmlu
Merge Q251,ID0412,D,A,D,jama
Merge Q252,ID0415,B,A,B,jama
Merge Q253,ID0416,E,D,I,medxpert
Merge Q254,ID0417,D,B,D,jama
Merge Q255,ID0418,A,D,B,jama
Merge Q256,ID0421,D,C,D,jama
Merge Q257,ID0422,C,B,C,jama
Merge Q258,ID0425,D,B,F,medxpert
Merge Q259,ID0426,J,C,D,medxpert
Merge Q260,ID0428,D,B,D,mmlu
Merge Q261,ID0429,B,D,B,mmlu
Merge Q262,ID0431,A,B,C,jama
Merge Q263,ID0433,E,B,E,medxpert
Merge Q264,ID0435,I,C,I,medxpert
Merge Q265,ID0437,C,C,C,mmlu
Merge Q266,ID0438,B,A,B,medbullets
Merge Q267,ID0440,J,C,B,medxpert
Merge Q268,ID0442,C,C,D,jama
Merge Q269,ID0444,B,C,C,jama
Merge Q270,ID0446,C,D,C,jama
Merge Q271,ID0447,D,B,D,medbullets
Merge Q272,ID0449,C,C,C,jama
Merge Q273,ID0451,B,D,B,jama
Merge Q274,ID0453,D,A,D,jama
Merge Q275,ID0455,E,B,E,medxpert
Merge Q276,ID0458,F,C,F,medxpert
Merge Q277,ID0459,B,D,F,medxpert
Merge Q278,ID0460,C,B,C,jama
Merge Q279,ID0461,C,A,C,jama
Merge Q280,ID0462,C,A,C,jama
Merge Q281,ID0463,D,C,D,jama
Merge Q282,ID0465,C,D,B,jama
Merge Q283,ID0466,D,C,D,jama
Merge Q284,ID0467,C,C,C,jama
Merge Q285,ID0468,C,C,C,medbullets
Merge Q286,ID0469,A,D,A,jama
Merge Q287,ID0470,B,D,C,medbullets
Merge Q288,ID0471,D,D,D,jama
Merge Q289,ID0472,D,A,D,jama
Merge Q290,ID0473,A,A,A,medbullets
Merge Q291,ID0476,A,C,C,jama
Merge Q292,ID0477,C,C,C,jama
Merge Q293,ID0478,A,D,A,jama
Merge Q294,ID0479,B,C,B,jama
Merge Q295,ID0483,B,C,A,jama
Merge Q296,ID0484,C,A,C,jama
Merge Q297,ID0487,C,B,C,jama
Merge Q298,ID0488,A,C,C,jama
Merge Q299,ID0490,B,B,B,jama
Merge Q300,ID0491,F,B,A,medxpert
Merge Q301,ID0492,B,B,C,jama
Merge Q302,ID0494,C,A,C,jama
Merge Q303,ID0495,B,C,B,medbullets
Merge Q304,ID0496,C,A,C,medbullets
Merge Q305,ID0498,B,C,C,jama
Merge Q306,ID0500,B,D,B,jama
Merge Q307,ID0502,B,D,C,jama
Merge Q308,ID0503,C,C,A,medbullets
Merge Q309,ID0504,E,A,B,medxpert
Merge Q310,ID0506,D,B,D,medxpert
Merge Q311,ID0508,B,B,B,jama
Merge Q312,ID0509,C,D,J,medxpert
Merge Q313,ID0510,B,D,B,mmlu
Merge Q314,ID0511,B,D,B,jama
Merge Q315,ID0513,B,B,B,jama
Merge Q316,ID0514,I,B,I,medxpert
Merge Q317,ID0517,A,A,A,medbullets
Merge Q318,ID0519,D,B,I,medxpert
Merge Q319,ID0520,B,D,B,mmlu
Merge Q320,ID0521,I,A,H,medxpert
Merge Q321,ID0522,C,C,C,jama
Merge Q322,ID0523,E,B,D,medxpert
Merge Q323,ID0524,B,C,B,jama
Merge Q324,ID0525,B,C,B,jama
Merge Q325,ID0526,A,B,D,medbullets
Merge Q326,ID0528,B,C,B,jama
Merge Q327,ID0529,C,B,D,medbullets
Merge Q328,ID0532,B,B,B,medxpert
Merge Q329,ID0533,C,D,C,jama
Merge Q330,ID0534,B,B,B,jama
Merge Q331,ID0535,C,B,C,medbullets
Merge Q332,ID0536,F,D,J,medxpert
Merge Q333,ID0539,C,C,C,jama
Merge Q334,ID0541,B,A,B,jama
Merge Q335,ID0542,D,B,D,mmlu
Merge Q336,ID0543,D,C,D,mmlu
Merge Q337,ID0546,D,C,D,medbullets
Merge Q338,ID0551,C,D,B,jama
Merge Q339,ID0552,C,C,C,jama
Merge Q340,ID0553,D,B,C,jama
Merge Q341,ID0554,A,A,A,mmlu
Merge Q342,ID0555,C,A,D,jama
Merge Q343,ID0559,D,C,B,jama
Merge Q344,ID0561,A,C,D,jama
Merge Q345,ID0564,D,D,D,medbullets
Merge Q346,ID0566,B,A,B,mmlu
Merge Q347,ID0567,D,C,C,medxpert
Merge Q348,ID0568,C,C,C,medbullets
Merge Q349,ID0569,B,C,D,mmlu
Merge Q350,ID0572,C,D,C,medxpert
Merge Q351,ID0574,I,D,H,medxpert
Merge Q352,ID0575,C,A,D,jama
Merge Q353,ID0576,C,C,C,mmlu
Merge Q354,ID0577,D,C,C,jama
Merge Q355,ID0578,D,C,D,mmlu
Merge Q356,ID0581,J,B,B,medxpert
Merge Q357,ID0584,C,B,C,jama
Merge Q358,ID0585,B,A,B,medbullets
Merge Q359,ID0586,B,D,B,jama
Merge Q360,ID0587,E,A,E,medxpert
Merge Q361,ID0589,C,C,C,jama
Merge Q362,ID0590,B,C,D,jama
Merge Q363,ID0591,G,B,C,medxpert
Merge Q364,ID0592,C,C,C,jama
Merge Q365,ID0594,G,C,G,medxpert
Merge Q366,ID0595,J,A,J,medxpert
Merge Q367,ID0596,B,B,A,jama
Merge Q368,ID0598,I,D,C,medxpert
Merge Q369,ID0599,C,C,A,medbullets
Merge Q370,ID0600,B,C,B,medbullets
Merge Q371,ID0601,D,D,A,medbullets
Merge Q372,ID0602,C,A,D,jama
Merge Q373,ID0603,A,B,C,jama
Merge Q374,ID0604,C,B,C,mmlu
Merge Q375,ID0605,E,A,E,medxpert
Merge Q376,ID0607,A,C,A,mmlu
Merge Q377,ID0609,C,B,D,jama
Merge Q378,ID0613,C,C,C,medbullets
Merge Q379,ID0614,D,D,A,medxpert
Merge Q380,ID0616,E,D,I,medxpert
Merge Q381,ID0617,D,C,D,mmlu
Merge Q382,ID0618,A,A,A,mmlu
Merge Q383,ID0619,C,C,C,medbullets
Merge Q384,ID0621,B,D,C,medxpert
Merge Q385,ID0622,D,C,D,mmlu
Merge Q386,ID0623,A,B,A,medbullets
Merge Q387,ID0625,I,A,I,medxpert
Merge Q388,ID0626,D,B,D,medxpert
Merge Q389,ID0627,D,B,J,medxpert
Merge Q390,ID0628,C,D,C,mmlu
Merge Q391,ID0629,A,B,C,jama
Merge Q392,ID0631,A,D,A,jama
Merge Q393,ID0633,B,B,B,jama
Merge Q394,ID0634,B,B,B,mmlu
Merge Q395,ID0635,D,B,D,jama
Merge Q396,ID0636,B,C,C,jama
Merge Q397,ID0639,D,D,B,jama
Merge Q398,ID0641,J,C,F,medxpert
Merge Q399,ID0642,B,C,C,jama
Merge Q400,ID0643,C,A,C,jama
Merge Q401,ID0647,C,B,C,jama
Merge Q402,ID0648,B,C,B,jama
Merge Q403,ID0651,G,D,C,medxpert
Merge Q404,ID0652,A,B,A,mmlu
Merge Q405,ID0653,D,D,D,mmlu
Merge Q406,ID0654,C,B,C,mmlu
Merge Q407,ID0655,E,C,E,medxpert
Merge Q408,ID0656,A,C,A,jama
Merge Q409,ID0658,H,B,D,medxpert
Merge Q410,ID0659,B,B,B,jama
Merge Q411,ID0660,C,C,C,jama
Merge Q412,ID0661,C,B,A,jama
Merge Q413,ID0662,A,C,A,medbullets
Merge Q414,ID0664,B,C,B,jama
Merge Q415,ID0665,C,B,C,mmlu
Merge Q416,ID0668,C,B,H,medxpert
Merge Q417,ID0669,D,A,D,jama
Merge Q418,ID0670,B,C,B,jama
Merge Q419,ID0671,D,B,D,jama
Merge Q420,ID0672,G,C,G,medxpert
Merge Q421,ID0673,A,D,A,medbullets
Merge Q422,ID0675,A,D,A,jama
Merge Q423,ID0676,C,D,C,jama
Merge Q424,ID0679,A,D,A,medbullets
Merge Q425,ID0680,G,B,A,medxpert
Merge Q426,ID0682,C,C,C,mmlu
Merge Q427,ID0683,D,C,D,jama
Merge Q428,ID0684,I,B,J,medxpert
Merge Q429,ID0691,D,C,D,jama
Merge Q430,ID0692,B,C,B,jama
Merge Q431,ID0693,D,A,D,medbullets
Merge Q432,ID0695,D,D,D,mmlu
Merge Q433,ID0696,F,A,I,medxpert
Merge Q434,ID0697,B,B,B,jama
Merge Q435,ID0698,H,C,A,medxpert
Merge Q436,ID0699,C,C,C,jama
Merge Q437,ID0700,D,D,C,jama
Merge Q438,ID0701,H,A,H,medxpert
Merge Q439,ID0702,A,B,A,medxpert
Merge Q440,ID0703,B,C,B,jama
Merge Q441,ID0708,C,C,C,jama
Merge Q442,ID0709,B,A,B,jama
Merge Q443,ID0710,D,C,D,jama
Merge Q444,ID0711,D,D,B,medbullets
Merge Q445,ID0712,A,C,A,mmlu
Merge Q446,ID0713,B,C,B,medbullets
Merge Q447,ID0715,C,C,B,medbullets
Merge Q448,ID0716,D,B,D,jama
Merge Q449,ID0717,J,A,B,medxpert
Merge Q450,ID0718,B,A,B,jama
Merge Q451,ID0719,C,B,C,jama
Merge Q452,ID0721,A,D,A,jama
Merge Q453,ID0723,B,A,B,jama
Merge Q454,ID0726,D,D,B,jama
Merge Q455,ID0728,C,C,C,medbullets
Merge Q456,ID0731,C,B,C,jama
Merge Q457,ID0732,C,C,C,medbullets
Merge Q458,ID0733,D,C,D,jama
Merge Q459,ID0734,A,D,D,jama
Merge Q460,ID0735,B,D,B,mmlu
Merge Q461,ID0737,F,D,J,medxpert
Merge Q462,ID0739,C,D,C,jama
Merge Q463,ID0740,D,C,C,jama
Merge Q464,ID0743,B,D,B,jama
Merge Q465,ID0744,D,B,B,jama
Merge Q466,ID0745,A,A,D,jama
Merge Q467,ID0746,C,B,C,jama
Merge Q468,ID0747,C,D,D,jama
Merge Q469,ID0752,A,C,A,mmlu
Merge Q470,ID0753,A,C,G,medxpert
Merge Q471,ID0754,C,B,B,jama
Merge Q472,ID0756,B,B,A,jama
Merge Q473,ID0757,B,C,B,mmlu
Merge Q474,ID0758,D,B,D,medxpert
Merge Q475,ID0759,B,A,B,medbullets
Merge Q476,ID0761,D,C,D,medxpert
Merge Q477,ID0762,C,D,C,jama
Merge Q478,ID0764,B,A,B,medxpert
Merge Q479,ID0765,B,B,J,medxpert
Merge Q480,ID0766,D,C,D,mmlu
Merge Q481,ID0769,B,A,B,jama
Merge Q482,ID0770,D,C,E,medxpert
Merge Q483,ID0773,D,D,D,mmlu
Merge Q484,ID0775,A,C,D,jama
Merge Q485,ID0776,D,C,B,jama
Merge Q486,ID0777,D,C,A,medxpert
Merge Q487,ID0778,G,B,G,medxpert
Merge Q488,ID0779,C,A,C,jama
Merge Q489,ID0780,B,A,C,jama
Merge Q490,ID0781,D,A,C,jama
Merge Q491,ID0782,C,C,D,jama
Merge Q492,ID0783,C,D,C,jama
Merge Q493,ID0784,C,D,C,medbullets
Merge Q494,ID0785,C,B,C,jama
Merge Q495,ID0786,I,B,A,medxpert
Merge Q496,ID0788,D,A,B,medbullets
Merge Q497,ID0789,A,B,A,mmlu
Merge Q498,ID0790,C,C,C,medbullets
Merge Q499,ID0792,A,D,I,medxpert
Merge Q500,ID0796,D,C,D,medbullets
Merge Q501,ID0797,C,A,C,jama
Merge Q502,ID0798,C,A,H,medxpert
Merge Q503,ID0799,D,B,D,mmlu
Merge Q504,ID0800,B,C,C,jama
Merge Q505,ID0801,B,D,B,medbullets
Merge Q506,ID0802,D,C,D,mmlu
Merge Q507,ID0803,C,C,D,jama
Merge Q508,ID0805,J,C,J,medxpert
Merge Q509,ID0809,C,C,B,jama
Merge Q510,ID0810,C,B,C,medbullets
Merge Q511,ID0811,A,C,A,medxpert
Merge Q512,ID0813,D,B,D,medxpert
Merge Q513,ID0814,B,C,B,jama
Merge Q514,ID0815,B,D,I,medxpert
Merge Q515,ID0816,A,C,E,medxpert
Merge Q516,ID0819,C,C,C,mmlu
Merge Q517,ID0821,G,A,A,medxpert
Merge Q518,ID0824,B,D,A,medbullets
Merge Q519,ID0825,B,D,D,medbullets
Merge Q520,ID0826,C,D,C,jama
Merge Q521,ID0827,H,C,C,medxpert
Merge Q522,ID0828,B,C,E,medxpert
Merge Q523,ID0830,A,B,A,medbullets
Merge Q524,ID0831,C,B,F,medxpert
Merge Q525,ID0832,D,D,D,jama
Merge Q526,ID0833,C,B,C,medbullets
Merge Q527,ID0834,C,D,C,jama
Merge Q528,ID0835,A,B,A,medbullets
Merge Q529,ID0836,C,C,B,medbullets
Merge Q530,ID0837,C,B,C,jama
Merge Q531,ID0840,A,C,A,mmlu
Merge Q532,ID0841,B,C,C,medbullets
Merge Q533,ID0842,D,D,C,medbullets
Merge Q534,ID0843,F,A,B,medxpert
Merge Q535,ID0844,A,A,A,medbullets
Merge Q536,ID0845,C,D,C,medbullets
Merge Q537,ID0846,C,D,C,jama
Merge Q538,ID0847,C,A,B,jama
Merge Q539,ID0850,C,A,C,jama
Merge Q540,ID0851,D,A,D,mmlu
Merge Q541,ID0852,A,C,A,medbullets
Merge Q542,ID0853,B,C,B,medbullets
Merge Q543,ID0854,C,A,A,jama
Merge Q544,ID0855,A,B,D,jama
Merge Q545,ID0856,J,A,J,medxpert
Merge Q546,ID0858,B,B,B,jama
Merge Q547,ID0859,B,D,C,jama
Merge Q548,ID0860,B,B,B,medxpert
Merge Q549,ID0861,C,D,C,medbullets
Merge Q550,ID0862,B,B,B,jama
Merge Q551,ID0864,A,B,A,mmlu
Merge Q552,ID0866,D,C,D,jama
Merge Q553,ID0867,B,C,B,jama
Merge Q554,ID0869,B,C,B,jama
Merge Q555,ID0870,B,D,A,medxpert
Merge Q556,ID0871,C,C,C,jama
Merge Q557,ID0872,D,D,D,medxpert
Merge Q558,ID0876,A,B,B,jama
Merge Q559,ID0878,A,C,B,jama
Merge Q560,ID0879,C,C,C,jama
Merge Q561,ID0880,I,C,F,medxpert
Merge Q562,ID0883,G,B,G,medxpert
Merge Q563,ID0884,C,C,C,mmlu
Merge Q564,ID0885,A,C,D,medbullets
Merge Q565,ID0887,B,D,B,medbullets
Merge Q566,ID0889,D,B,D,jama
Merge Q567,ID0893,D,B,D,medbullets
Merge Q568,ID0894,B,D,B,jama
Merge Q569,ID0895,C,B,C,jama
Merge Q570,ID0899,C,C,B,jama
Merge Q571,ID0900,C,D,C,jama
Merge Q572,ID0901,B,A,B,medbullets
Merge Q573,ID0902,D,D,I,medxpert
Merge Q574,ID0904,A,C,A,jama
Merge Q575,ID0905,C,C,C,jama
Merge Q576,ID0907,E,D,C,medxpert
Merge Q577,ID0908,C,B,C,jama
Merge Q578,ID0909,A,B,A,mmlu
Merge Q579,ID0910,D,C,D,mmlu
Merge Q580,ID0911,D,D,D,mmlu
Merge Q581,ID0912,B,B,E,medxpert
Merge Q582,ID0915,C,C,C,jama
Merge Q583,ID0916,D,C,D,jama
Merge Q584,ID0918,D,C,D,mmlu
Merge Q585,ID0919,D,B,A,medxpert
Merge Q586,ID0922,I,B,I,medxpert
Merge Q587,ID0923,A,B,A,medbullets
Merge Q588,ID0924,B,C,B,medbullets
Merge Q589,ID0925,B,B,B,jama
Merge Q590,ID0926,C,D,A,medxpert
Merge Q591,ID0927,B,D,B,jama
Merge Q592,ID0928,B,A,C,medbullets
Merge Q593,ID0934,G,B,G,medxpert
Merge Q594,ID0935,A,B,A,jama
Merge Q595,ID0937,A,A,C,jama
Merge Q596,ID0939,A,A,A,jama
Merge Q597,ID0941,C,B,E,medxpert
Merge Q598,ID0942,A,B,H,medxpert
Merge Q599,ID0944,B,C,B,mmlu
Merge Q600,ID0948,G,D,F,medxpert
Merge Q601,ID0949,C,C,C,medbullets
Merge Q602,ID0951,B,A,B,mmlu
Merge Q603,ID0953,D,B,D,mmlu
Merge Q604,ID0954,B,C,B,jama
Merge Q605,ID0957,D,C,J,medxpert
Merge Q606,ID0961,B,C,A,jama
Merge Q607,ID0962,C,C,A,jama
Merge Q608,ID0963,D,D,D,mmlu
Merge Q609,ID0965,I,C,F,medxpert
Merge Q610,ID0967,B,C,B,medbullets
Merge Q611,ID0968,B,B,C,jama
Merge Q612,ID0969,C,A,C,jama
Merge Q613,ID0970,C,B,B,medbullets
Merge Q614,ID0972,C,C,B,medxpert
Merge Q615,ID0973,C,B,D,jama
Merge Q616,ID0974,A,A,D,medbullets
Merge Q617,ID0976,A,C,A,jama
Merge Q618,ID0977,B,C,B,jama
Merge Q619,ID0979,B,B,B,medxpert
Merge Q620,ID0981,C,D,C,jama
Merge Q621,ID0982,D,C,C,jama
Merge Q622,ID0987,D,C,A,medbullets
Merge Q623,ID0990,D,B,D,jama
Merge Q624,ID0991,A,B,C,jama
Merge Q625,ID0992,A,C,B,medxpert
Merge Q626,ID0993,A,A,C,jama
Merge Q627,ID0994,A,A,C,medxpert
Merge Q628,ID0996,C,B,C,jama
Merge Q629,ID0998,B,D,B,jama
Merge Q630,ID0999,D,C,D,mmlu
Merge Q631,ID1001,C,D,C,jama
Merge Q632,ID1002,C,C,C,jama
Merge Q633,ID1005,C,D,C,jama
Merge Q634,ID1006,C,B,B,jama
Merge Q635,ID1009,D,C,D,medxpert
Merge Q636,ID1011,D,B,D,jama
Merge Q637,ID1013,D,C,D,mmlu
Merge Q638,ID1014,B,C,B,jama
Merge Q639,ID1015,D,D,D,jama
Merge Q640,ID1016,D,D,D,jama
Merge Q641,ID1017,D,B,D,jama
Merge Q642,ID1019,A,B,D,jama
Merge Q643,ID1020,C,C,C,jama
Merge Q644,ID1021,A,B,A,jama
Merge Q645,ID1022,D,D,D,jama
Merge Q646,ID1024,C,D,D,medbullets
Merge Q647,ID1025,A,B,A,mmlu
Merge Q648,ID1026,D,D,B,medxpert
Merge Q649,ID1028,A,D,D,medbullets
Merge Q650,ID1029,C,D,G,medxpert
Merge Q651,ID1031,I,C,G,medxpert
Merge Q652,ID1032,C,B,A,jama
Merge Q653,ID1035,A,A,C,jama
Merge Q654,ID1037,B,B,B,jama
Merge Q655,ID1038,B,B,D,jama
Merge Q656,ID1040,D,C,D,jama
Merge Q657,ID1044,C,D,C,mmlu
Merge Q658,ID1047,B,B,B,jama
Merge Q659,ID1048,B,B,B,jama
Merge Q660,ID1049,D,C,D,jama
Merge Q661,ID1051,B,B,A,medbullets
Merge Q662,ID1055,C,A,E,medxpert
Merge Q663,ID1058,H,C,D,medxpert
Merge Q664,ID1059,C,A,C,mmlu
Merge Q665,ID1060,D,D,C,jama
Merge Q666,ID1062,J,C,E,medxpert
Merge Q667,ID1063,B,C,B,mmlu
Merge Q668,ID1064,C,B,A,mmlu
Merge Q669,ID1065,G,C,G,medxpert
Merge Q670,ID1066,C,B,B,medxpert
Merge Q671,ID1067,E,A,G,medxpert
Merge Q672,ID1068,A,C,C,jama
Merge Q673,ID1070,D,B,B,jama
Merge Q674,ID1071,B,A,B,jama
Merge Q675,ID1072,D,D,A,medxpert
Merge Q676,ID1073,A,B,D,jama
Merge Q677,ID1074,D,D,D,medxpert
Merge Q678,ID1075,D,B,C,jama
Merge Q679,ID1076,B,D,B,jama
Merge Q680,ID1077,D,B,D,jama
Merge Q681,ID1079,B,B,C,jama
Merge Q682,ID1080,B,B,B,jama
Merge Q683,ID1081,D,D,D,medbullets
Merge Q684,ID1082,B,B,B,mmlu
Merge Q685,ID1084,D,D,D,jama
Merge Q686,ID1085,C,B,D,medxpert
Merge Q687,ID1087,B,B,B,jama
Merge Q688,ID1088,B,C,B,mmlu
Merge Q689,ID1089,B,C,B,jama
Merge Q690,ID1090,D,A,D,jama
Merge Q691,ID1093,C,A,C,medbullets
Merge Q692,ID1098,A,C,A,jama
Merge Q693,ID1099,B,A,A,jama
Merge Q694,ID1101,B,B,C,jama
Merge Q695,ID1102,B,B,B,medxpert
Merge Q696,ID1108,B,B,E,medxpert
Merge Q697,ID1110,A,B,A,jama
Merge Q698,ID1112,A,A,A,mmlu
Merge Q699,ID1113,C,B,C,jama
Merge Q700,ID1114,C,C,C,mmlu
Merge Q701,ID1116,B,B,B,medbullets
Merge Q702,ID1117,C,B,C,medxpert
Merge Q703,ID1118,A,C,B,jama
Merge Q704,ID1119,B,D,B,jama
Merge Q705,ID1121,C,C,C,jama
Merge Q706,ID1123,D,B,D,jama
Merge Q707,ID1125,J,B,A,medxpert
Merge Q708,ID1127,B,C,C,jama
Merge Q709,ID1129,C,A,C,medbullets
Merge Q710,ID1130,A,A,A,medbullets
Merge Q711,ID1131,B,C,D,jama
Merge Q712,ID1132,B,C,D,jama
Merge Q713,ID1135,B,B,B,jama
Merge Q714,ID1137,B,D,B,medbullets
Merge Q715,ID1138,B,A,A,jama
Merge Q716,ID1139,B,C,B,jama
Merge Q717,ID1140,C,B,C,jama
Merge Q718,ID1141,F,D,G,medxpert
Merge Q719,ID1142,D,A,D,medbullets
Merge Q720,ID1146,B,B,B,jama
Merge Q721,ID1147,I,B,E,medxpert
Merge Q722,ID1148,B,B,B,jama
Merge Q723,ID1149,C,C,D,jama
Merge Q724,ID1150,A,C,A,jama
Merge Q725,ID1151,C,A,C,medxpert
Merge Q726,ID1152,C,C,C,mmlu
Merge Q727,ID1153,A,A,A,medbullets
Merge Q728,ID1154,F,A,D,medxpert
Merge Q729,ID1155,D,B,C,medxpert
Merge Q730,ID1157,C,B,C,medbullets
Merge Q731,ID1158,C,C,C,medbullets
Merge Q732,ID1160,C,B,B,jama
Merge Q733,ID1161,B,B,J,medxpert
Merge Q734,ID1162,B,B,B,jama
Merge Q735,ID1163,D,C,D,mmlu
Merge Q736,ID1164,B,B,B,jama
Merge Q737,ID1166,B,B,B,jama
Merge Q738,ID1167,B,C,A,jama
Merge Q739,ID1170,C,B,C,jama
Merge Q740,ID1171,D,C,B,jama
Merge Q741,ID1172,A,C,F,medxpert
Merge Q742,ID1174,D,B,C,jama
Merge Q743,ID1175,A,A,A,jama
Merge Q744,ID1176,C,B,B,medxpert
Merge Q745,ID1178,C,A,C,jama
Merge Q746,ID1179,C,C,C,medxpert
Merge Q747,ID1180,D,A,D,mmlu
Merge Q748,ID1181,D,B,D,mmlu
Merge Q749,ID1182,B,B,B,mmlu
Merge Q750,ID1183,C,C,C,jama
Merge Q751,ID1184,C,B,C,medxpert
Merge Q752,ID1185,C,C,C,jama
Merge Q753,ID1187,D,B,D,mmlu
Merge Q754,ID1189,B,A,A,medxpert
Merge Q755,ID1190,E,A,H,medxpert
Merge Q756,ID1193,B,D,B,jama
Merge Q757,ID1194,D,C,H,medxpert
Merge Q758,ID1197,A,C,C,jama
Merge Q759,ID1198,A,C,C,jama
Merge Q760,ID1199,A,D,A,medxpert
Merge Q761,ID1200,C,C,C,medbullets
Merge Q762,ID1201,C,B,C,jama
Merge Q763,ID1202,A,B,A,medbullets
Merge Q764,ID1204,C,A,C,jama
Merge Q765,ID1206,B,A,B,mmlu
Merge Q766,ID1207,A,B,D,jama
Merge Q767,ID1208,B,C,B,medxpert
Merge Q768,ID1209,D,B,D,mmlu
Merge Q769,ID1212,J,D,I,medxpert
Merge Q770,ID1214,B,B,C,jama
Merge Q771,ID1215,B,B,B,jama
Merge Q772,ID1216,B,B,B,jama
Merge Q773,ID1217,D,C,D,jama
Merge Q774,ID1218,A,D,A,medbullets
Merge Q775,ID1219,B,C,C,jama
Merge Q776,ID1221,D,A,D,medbullets
Merge Q777,ID1223,D,D,D,mmlu
Merge Q778,ID1224,B,A,B,jama
Merge Q779,ID1226,H,C,G,medxpert
Merge Q780,ID1227,C,B,C,mmlu
Merge Q781,ID1228,B,C,B,medbullets
Merge Q782,ID1229,A,B,B,jama
Merge Q783,ID1230,A,B,B,jama
Merge Q784,ID1232,C,B,C,medbullets
Merge Q785,ID1233,C,A,C,jama
Merge Q786,ID1234,B,A,B,jama
Merge Q787,ID1236,D,D,D,jama
Merge Q788,ID1239,D,D,D,mmlu
Merge Q789,ID1240,B,A,A,mmlu
Merge Q790,ID1242,C,B,C,jama
Merge Q791,ID1244,C,A,C,jama
Merge Q792,ID1245,B,C,B,medbullets
Merge Q793,ID1246,B,B,A,medbullets
Merge Q794,ID1247,B,C,B,jama
Merge Q795,ID1248,D,C,D,mmlu
Merge Q796,ID1249,C,A,A,medbullets
Merge Q797,ID1251,B,C,C,medxpert
Merge Q798,ID1252,E,C,G,medxpert
Merge Q799,ID1254,E,B,E,medxpert
Merge Q800,ID1255,H,C,I,medxpert
Merge Q801,ID1256,F,D,D,medxpert
Merge Q802,ID1258,D,D,D,mmlu
Merge Q803,ID1260,C,D,C,jama
Merge Q804,ID1261,B,D,B,mmlu
Merge Q805,ID1262,B,A,B,medbullets
Merge Q806,ID1264,A,B,C,jama
Merge Q807,ID1266,A,A,C,jama
Merge Q808,ID1267,A,B,A,jama
Merge Q809,ID1268,D,A,D,mmlu
Merge Q810,ID1269,C,C,C,medbullets
Merge Q811,ID1270,J,B,J,medxpert
Merge Q812,ID1271,D,C,D,medbullets
Merge Q813,ID1272,D,C,A,mmlu
Merge Q814,ID1273,D,A,C,jama
Merge Q815,ID1275,B,A,B,jama
Merge Q816,ID1276,C,C,C,jama
Merge Q817,ID1277,D,C,D,mmlu
Merge Q818,ID1278,C,C,C,medbullets
Merge Q819,ID1279,C,D,C,medbullets
Merge Q820,ID1280,B,D,B,medxpert
Merge Q821,ID1281,B,A,B,jama
Merge Q822,ID1284,F,B,H,medxpert
Merge Q823,ID1285,B,B,B,jama
Merge Q824,ID1286,D,D,B,jama
Merge Q825,ID1287,D,D,D,mmlu
Merge Q826,ID1288,B,D,C,jama
Merge Q827,ID1289,C,C,C,jama
Merge Q828,ID1290,A,B,A,jama
Merge Q829,ID1291,J,D,H,medxpert
Merge Q830,ID1294,E,A,B,medxpert
Merge Q831,ID1296,B,D,B,mmlu
Merge Q832,ID1297,A,A,B,mmlu
Merge Q833,ID1298,A,D,H,medxpert
Merge Q834,ID1299,E,B,E,medxpert
Merge Q835,ID1301,B,A,B,jama
Merge Q836,ID1302,D,D,D,mmlu
Merge Q837,ID1303,C,D,C,jama
Merge Q838,ID1307,B,A,D,medbullets
Merge Q839,ID1308,D,D,B,jama
Merge Q840,ID1309,D,B,D,medxpert
Merge Q841,ID1310,D,C,D,mmlu
Merge Q842,ID1311,B,C,B,medxpert
Merge Q843,ID1312,H,B,F,medxpert
Merge Q844,ID1313,D,A,C,medbullets
Merge Q845,ID1314,B,C,B,jama
Merge Q846,ID1315,D,C,D,medbullets
Merge Q847,ID1316,C,B,C,mmlu
Merge Q848,ID1318,C,D,C,jama
Merge Q849,ID1320,C,B,C,jama
Merge Q850,ID1321,C,D,C,jama
Merge Q851,ID1324,D,A,F,medxpert
Merge Q852,ID1328,A,C,H,medxpert
Merge Q853,ID1329,D,B,D,medbullets
Merge Q854,ID1330,B,C,B,mmlu
Merge Q855,ID1331,B,B,B,mmlu
Merge Q856,ID1332,B,B,B,jama
Merge Q857,ID1333,G,A,C,medxpert
Merge Q858,ID1334,C,C,C,jama
Merge Q859,ID1335,D,B,D,mmlu
Merge Q860,ID1336,C,D,C,mmlu
Merge Q861,ID1337,C,D,A,medbullets
Merge Q862,ID1338,D,B,D,medbullets
Merge Q863,ID1339,D,B,D,mmlu
Merge Q864,ID1340,H,C,C,medxpert
Merge Q865,ID1343,B,D,D,medbullets
Merge Q866,ID1345,C,B,C,medbullets
Merge Q867,ID1346,C,C,C,jama
Merge Q868,ID1347,B,A,A,jama
Merge Q869,ID1348,C,B,C,jama
Merge Q870,ID1349,C,A,D,jama
Merge Q871,ID1350,C,C,A,jama
Merge Q872,ID1352,A,B,D,jama
Merge Q873,ID1353,C,B,C,jama
Merge Q874,ID1354,B,B,B,jama
Merge Q875,ID1355,A,D,A,mmlu
Merge Q876,ID1356,C,C,F,medxpert
Merge Q877,ID1357,E,B,B,medxpert
Merge Q878,ID1359,C,B,A,jama
Merge Q879,ID1360,B,B,D,jama
Merge Q880,ID1362,B,C,B,medbullets
Merge Q881,ID1366,B,D,B,jama
Merge Q882,ID1368,C,C,D,jama
Merge Q883,ID1369,D,D,C,medxpert
Merge Q884,ID1371,D,D,A,medbullets
Merge Q885,ID1373,C,A,C,jama
Merge Q886,ID1374,A,D,A,jama
Merge Q887,ID1376,D,B,A,jama
Merge Q888,ID1377,C,D,C,jama
Merge Q889,ID1378,B,C,B,medbullets
Merge Q890,ID1380,B,C,A,medxpert
Merge Q891,ID1381,A,B,B,jama
Merge Q892,ID1382,C,D,C,jama
Merge Q893,ID1383,A,D,A,mmlu
Merge Q894,ID1384,A,D,A,medbullets
Merge Q895,ID1385,B,C,A,medxpert
Merge Q896,ID1387,C,A,C,jama
Merge Q897,ID1388,A,B,C,jama
Merge Q898,ID1389,B,C,E,medxpert
Merge Q899,ID1391,D,B,D,jama
Merge Q900,ID1392,C,A,J,medxpert
Merge Q901,ID1394,C,B,C,medbullets
Merge Q902,ID1395,J,B,J,medxpert
Merge Q903,ID1396,G,C,J,medxpert
Merge Q904,ID1397,B,D,C,medbullets
Merge Q905,ID1398,C,D,C,jama
Merge Q906,ID1399,E,B,E,medxpert
Merge Q907,ID1401,A,C,C,jama
Merge Q908,ID1402,C,B,C,jama
Merge Q909,ID1403,D,C,B,jama
Merge Q910,ID1405,B,C,B,mmlu
Merge Q911,ID1409,B,B,G,medxpert
Merge Q912,ID1411,D,C,B,medbullets
Merge Q913,ID1413,C,C,C,medbullets
Merge Q914,ID1414,B,B,B,medxpert
Merge Q915,ID1416,B,C,B,jama
Merge Q916,ID1418,D,B,D,mmlu
Merge Q917,ID1419,B,B,B,jama
Merge Q918,ID1421,D,A,D,mmlu
Merge Q919,ID1422,B,B,C,medbullets
Merge Q920,ID1423,F,D,F,medxpert
Merge Q921,ID1425,D,D,D,mmlu
Merge Q922,ID1426,D,B,D,mmlu
Merge Q923,ID1428,A,C,F,medxpert
Merge Q924,ID1429,A,C,C,jama
Merge Q925,ID1430,C,B,C,jama
Merge Q926,ID1431,C,B,A,jama
Merge Q927,ID1432,G,B,E,medxpert
Merge Q928,ID1434,J,B,D,medxpert
Merge Q929,ID1438,D,C,D,jama
Merge Q930,ID1439,B,D,B,medbullets
Merge Q931,ID1442,D,B,D,mmlu
Merge Q932,ID1445,A,C,A,mmlu
Merge Q933,ID1446,C,B,C,mmlu
Merge Q934,ID1448,C,C,B,medxpert
Merge Q935,ID1449,C,B,C,medxpert
Merge Q936,ID1450,C,A,C,jama
Merge Q937,ID1452,D,D,D,medbullets
Merge Q938,ID1453,A,B,D,jama
Merge Q939,ID1454,B,D,B,mmlu
Merge Q940,ID1457,B,C,A,medbullets
Merge Q941,ID1458,C,A,C,jama
Merge Q942,ID1459,A,C,A,jama
Merge Q943,ID1460,D,D,D,mmlu
Merge Q944,ID1462,A,C,A,medxpert
Merge Q945,ID1463,E,C,G,medxpert
Merge Q946,ID1464,C,C,A,jama
Merge Q947,ID1466,D,B,D,mmlu
Merge Q948,ID1467,D,A,D,mmlu
Merge Q949,ID1468,D,B,A,medbullets
Merge Q950,ID1469,C,B,C,jama
Merge Q951,ID1474,B,B,B,mmlu
Merge Q952,ID1475,C,D,C,medbullets
Merge Q953,ID1476,B,A,C,jama
Merge Q954,ID1477,B,C,B,jama
Merge Q955,ID1479,D,B,D,mmlu
Merge Q956,ID1480,D,B,D,medbullets
Merge Q957,ID1481,A,A,C,jama
Merge Q958,ID1483,E,C,F,medxpert
Merge Q959,ID1485,C,D,C,jama
Merge Q960,ID1486,A,D,B,jama
Merge Q961,ID1488,A,C,D,medbullets
Merge Q962,ID1489,A,A,A,medbullets
Merge Q963,ID1490,A,D,A,medbullets
Merge Q964,ID1491,B,A,B,jama
Merge Q965,ID1492,A,B,F,medxpert
Merge Q966,ID1494,B,C,B,medbullets
Merge Q967,ID1495,B,C,B,medbullets
Merge Q968,ID1496,A,A,A,medbullets
Merge Q969,ID1500,C,A,C,mmlu
Merge Q970,ID1501,E,B,J,medxpert
Merge Q971,ID1504,F,A,D,medxpert
Merge Q972,ID1505,D,C,D,jama
Merge Q973,ID1506,D,B,D,mmlu
Merge Q974,ID1507,C,A,C,mmlu
Merge Q975,ID1508,D,B,D,medbullets
Merge Q976,ID1510,A,C,D,jama
Merge Q977,ID1513,D,D,D,jama
Merge Q978,ID1514,A,D,A,jama
Merge Q979,ID1515,A,B,A,mmlu
Merge Q980,ID1517,B,B,C,jama
Merge Q981,ID1518,D,A,D,jama
Merge Q982,ID1520,A,B,A,jama
Merge Q983,ID1524,C,B,C,mmlu
Merge Q984,ID1525,A,A,A,jama
Merge Q985,ID1526,B,C,B,medbullets
Merge Q986,ID1529,B,C,B,jama
Merge Q987,ID1530,D,B,D,jama
Merge Q988,ID1531,C,B,C,jama
Merge Q989,ID1532,B,C,B,jama
Merge Q990,ID1533,D,C,D,jama
Merge Q991,ID1534,C,D,C,medbullets
Merge Q992,ID1536,A,C,A,medbullets
Merge Q993,ID1538,B,B,B,jama
Merge Q994,ID1539,C,C,D,medbullets
Merge Q995,ID1540,B,B,B,jama
Merge Q996,ID1541,B,C,B,medbullets
Merge Q997,ID1543,D,A,D,mmlu
Merge Q998,ID1544,C,B,C,mmlu
Merge Q999,ID1545,B,B,C,jama
Merge Q1000,ID1550,D,C,B,jama
Merge Q1001,ID1551,C,D,C,jama
Merge Q1002,ID1552,D,A,D,medbullets
Merge Q1003,ID1553,A,B,A,medbullets
Merge Q1004,ID1555,C,A,C,jama
Merge Q1005,ID1557,C,B,I,medxpert
Merge Q1006,ID1558,A,D,A,jama
Merge Q1007,ID1559,G,B,J,medxpert
Merge Q1008,ID1560,D,B,D,jama
Merge Q1009,ID1561,C,A,A,jama
Merge Q1010,ID1565,B,C,B,medbullets
Merge Q1011,ID1566,C,C,B,medbullets
Merge Q1012,ID1567,A,D,E,medxpert
Merge Q1013,ID1569,B,D,D,mmlu
Merge Q1014,ID1570,A,B,A,medbullets
Merge Q1015,ID1571,B,A,B,medxpert
Merge Q1016,ID1572,G,D,F,medxpert
Merge Q1017,ID1573,C,D,C,jama
Merge Q1018,ID1574,C,B,C,jama
Merge Q1019,ID1575,C,C,C,jama
Merge Q1020,ID1578,G,A,H,medxpert
Merge Q1021,ID1580,J,B,C,medxpert
Merge Q1022,ID1581,C,C,D,jama
Merge Q1023,ID1582,C,C,F,medxpert
Merge Q1024,ID1583,A,D,A,mmlu
Merge Q1025,ID1584,A,D,A,jama
Merge Q1026,ID1585,C,B,C,jama
Merge Q1027,ID1586,D,A,D,mmlu
Merge Q1028,ID1587,A,C,B,mmlu
Merge Q1029,ID1588,D,C,D,jama
Merge Q1030,ID1590,D,A,A,mmlu
Merge Q1031,ID1591,I,B,I,medxpert
Merge Q1032,ID1593,E,D,J,medxpert
Merge Q1033,ID1594,B,C,B,jama
Merge Q1034,ID1596,C,B,D,mmlu
Merge Q1035,ID1599,B,D,B,medbullets
Merge Q1036,ID1601,C,C,C,jama
Merge Q1037,ID1602,A,A,A,medbullets
Merge Q1038,ID1605,B,B,C,jama
Merge Q1039,ID1607,A,A,C,jama
Merge Q1040,ID1610,B,C,B,jama
Merge Q1041,ID1612,A,C,C,jama
Merge Q1042,ID1613,D,B,D,mmlu
Merge Q1043,ID1614,A,B,I,medxpert
Merge Q1044,ID1617,C,C,D,medxpert
Merge Q1045,ID1618,A,D,C,jama
Merge Q1046,ID1622,D,C,D,mmlu
Merge Q1047,ID1625,H,D,H,medxpert
Merge Q1048,ID1629,C,C,C,medbullets
Merge Q1049,ID1632,C,C,C,medbullets
Merge Q1050,ID1633,D,C,D,mmlu
Merge Q1051,ID1634,A,D,A,medbullets
Merge Q1052,ID1636,B,B,B,medbullets
Merge Q1053,ID1637,D,B,D,medbullets
Merge Q1054,ID1638,D,C,D,jama
Merge Q1055,ID1640,B,A,E,medxpert
Merge Q1056,ID1641,D,C,D,jama
Merge Q1057,ID1645,D,B,D,jama
Merge Q1058,ID1646,C,D,C,medxpert
Merge Q1059,ID1650,B,B,B,mmlu
Merge Q1060,ID1651,A,C,B,jama
Merge Q1061,ID1652,A,A,A,jama
Merge Q1062,ID1653,B,A,B,jama
Merge Q1063,ID1654,I,A,J,medxpert
Merge Q1064,ID1655,D,C,B,jama
Merge Q1065,ID1656,E,C,E,medxpert
Merge Q1066,ID1659,B,B,B,jama
Merge Q1067,ID1660,C,D,C,mmlu
Merge Q1068,ID1662,D,B,D,mmlu
Merge Q1069,ID1663,B,C,B,jama
Merge Q1070,ID1664,D,B,D,jama
Merge Q1071,ID1666,D,D,D,medbullets
Merge Q1072,ID1667,F,A,A,medxpert
Merge Q1073,ID1668,D,A,A,medbullets
Merge Q1074,ID1671,A,B,B,jama
Merge Q1075,ID1672,D,D,D,jama
Merge Q1076,ID1673,B,B,B,medxpert
Merge Q1077,ID1674,C,A,C,jama
Merge Q1078,ID1676,C,B,G,medxpert
Merge Q1079,ID1678,A,D,C,jama
Merge Q1080,ID1679,D,C,D,jama
Merge Q1081,ID1680,C,D,C,jama
Merge Q1082,ID1683,D,A,B,jama
Merge Q1083,ID1684,E,A,G,medxpert
Merge Q1084,ID1685,B,C,B,medbullets
Merge Q1085,ID1687,C,C,E,medxpert
Merge Q1086,ID1688,D,D,D,mmlu
Merge Q1087,ID1689,A,C,B,jama
Merge Q1088,ID1691,J,D,F,medxpert
Merge Q1089,ID1692,C,B,C,jama
Merge Q1090,ID1693,C,D,C,medbullets
Merge Q1091,ID1694,J,B,J,medxpert
Merge Q1092,ID1695,A,C,B,jama
Merge Q1093,ID1696,F,C,J,medxpert
Merge Q1094,ID1697,C,C,B,jama
Merge Q1095,ID1698,B,B,B,medxpert
Merge Q1096,ID1699,D,C,D,jama
Merge Q1097,ID1700,C,A,C,mmlu
Merge Q1098,ID1701,B,B,B,mmlu
Merge Q1099,ID1702,D,A,C,jama
Merge Q1100,ID1704,C,A,C,medbullets
Merge Q1101,ID1706,B,C,C,medbullets
Merge Q1102,ID1710,B,B,B,jama
Merge Q1103,ID1711,B,C,C,jama
Merge Q1104,ID1712,C,D,C,medxpert
Merge Q1105,ID1713,C,B,C,jama
Merge Q1106,ID1714,B,B,B,jama
Merge Q1107,ID1715,D,B,D,mmlu
Merge Q1108,ID1716,C,C,D,jama
Merge Q1109,ID1717,H,D,A,medxpert
Merge Q1110,ID1718,C,D,C,medbullets
Merge Q1111,ID1722,A,A,J,medxpert
Merge Q1112,ID1724,G,A,A,medxpert
Merge Q1113,ID1725,D,B,D,mmlu
Merge Q1114,ID1727,G,C,C,medxpert
Merge Q1115,ID1728,D,D,C,jama
Merge Q1116,ID1732,A,D,D,jama
Merge Q1117,ID1734,D,D,D,jama
Merge Q1118,ID1738,B,B,A,medbullets
Merge Q1119,ID1741,F,D,F,medxpert
Merge Q1120,ID1742,A,B,C,medxpert
Merge Q1121,ID1743,A,B,A,medxpert
Merge Q1122,ID1744,A,A,A,medxpert
Merge Q1123,ID1746,J,A,E,medxpert
Merge Q1124,ID1747,B,C,C,jama
Merge Q1125,ID1749,D,A,D,mmlu
Merge Q1126,ID1750,I,B,I,medxpert
Merge Q1127,ID1751,G,D,H,medxpert
Merge Q1128,ID1755,G,B,B,medxpert
Merge Q1129,ID1756,B,A,B,jama
Merge Q1130,ID1757,H,B,J,medxpert
Merge Q1131,ID1758,H,B,F,medxpert
Merge Q1132,ID1761,B,B,D,jama
Merge Q1133,ID1762,B,C,B,jama
Merge Q1134,ID1765,D,C,C,jama
Merge Q1135,ID1766,D,B,D,medxpert
Merge Q1136,ID1767,D,D,F,medxpert
Merge Q1137,ID1768,C,B,C,medbullets
Merge Q1138,ID1769,C,C,C,jama
Merge Q1139,ID1772,E,C,E,medxpert
Merge Q1140,ID1773,B,C,B,medxpert
Merge Q1141,ID1774,B,C,B,mmlu
Merge Q1142,ID1775,C,A,G,medxpert
Merge Q1143,ID1776,B,A,B,medxpert
Merge Q1144,ID1777,D,D,E,medxpert
Merge Q1145,ID1778,D,A,I,medxpert
Merge Q1146,ID1779,A,B,D,medxpert
Merge Q1147,ID1783,J,C,J,medxpert
Merge Q1148,ID1786,D,D,D,medbullets
Merge Q1149,ID1787,A,D,A,jama
Merge Q1150,ID1788,D,B,D,mmlu
Merge Q1151,ID1789,J,A,F,medxpert
Merge Q1152,ID1790,B,D,B,jama
Merge Q1153,ID1791,C,B,C,jama
Merge Q1154,ID1792,C,A,C,jama
Merge Q1155,ID1793,B,B,B,mmlu
Merge Q1156,ID1795,I,C,A,medxpert
Merge Q1157,ID1797,D,A,B,jama
Merge Q1158,ID1798,A,B,A,mmlu
Merge Q1159,ID1799,A,A,D,jama
Merge Q1160,ID1800,A,C,A,mmlu
Merge Q1161,ID1802,C,B,C,jama
Merge Q1162,ID1807,B,C,B,jama
Merge Q1163,ID1808,B,A,B,mmlu
Merge Q1164,ID1809,C,B,C,jama
Merge Q1165,ID1811,A,A,C,jama
Merge Q1166,ID1812,C,A,C,medbullets
Merge Q1167,ID1817,C,C,C,medxpert
Merge Q1168,ID1818,B,B,B,mmlu
Merge Q1169,ID1819,C,B,C,jama
Merge Q1170,ID1820,B,C,B,jama
Merge Q1171,ID1821,B,B,D,medbullets
Merge Q1172,ID1822,C,C,B,medbullets
Merge Q1173,ID1823,B,D,B,jama
Merge Q1174,ID1824,D,D,D,medbullets
Merge Q1175,ID1825,E,C,H,medxpert
Merge Q1176,ID1826,A,D,A,mmlu
Merge Q1177,ID1827,D,D,D,mmlu
Merge Q1178,ID1829,A,C,B,jama
Merge Q1179,ID1830,B,B,I,medxpert
Merge Q1180,ID1831,A,D,C,jama
Merge Q1181,ID1833,A,B,A,medbullets
Merge Q1182,ID1834,J,D,E,medxpert
Merge Q1183,ID1835,B,C,B,jama
Merge Q1184,ID1836,C,A,C,jama
Merge Q1185,ID1837,C,B,C,jama
Merge Q1186,ID1838,B,C,B,medbullets
Merge Q1187,ID1840,D,B,D,medxpert
Merge Q1188,ID1841,A,C,A,jama
Merge Q1189,ID1842,B,D,B,jama
Merge Q1190,ID1843,D,C,D,mmlu
Merge Q1191,ID1845,A,B,A,medbullets
Merge Q1192,ID1846,D,C,B,medbullets
Merge Q1193,ID1847,C,B,C,jama
Merge Q1194,ID1848,A,C,B,jama
Merge Q1195,ID1849,B,D,B,mmlu
Merge Q1196,ID1850,C,D,C,jama
Merge Q1197,ID1851,B,B,D,mmlu
Merge Q1198,ID1852,C,B,C,jama
Merge Q1199,ID1855,C,D,C,jama
Merge Q1200,ID1856,C,D,C,jama
Merge Q1201,ID1858,C,C,F,medxpert
Merge Q1202,ID1859,B,B,B,jama
Merge Q1203,ID1860,B,D,B,jama
Merge Q1204,ID1862,D,D,D,mmlu
Merge Q1205,ID1863,B,B,B,mmlu
Merge Q1206,ID1865,C,A,C,jama
Merge Q1207,ID1866,A,A,A,mmlu
Merge Q1208,ID1868,A,D,A,jama
Merge Q1209,ID1870,B,B,B,jama
Merge Q1210,ID1871,C,C,D,medxpert
Merge Q1211,ID1873,D,A,D,mmlu
Merge Q1212,ID1874,A,D,A,mmlu
Merge Q1213,ID1875,D,A,D,jama
Merge Q1214,ID1876,A,A,A,jama
Merge Q1215,ID1879,B,B,B,jama
Merge Q1216,ID1880,C,C,B,medbullets
Merge Q1217,ID1881,A,B,A,mmlu
Merge Q1218,ID1882,C,A,D,medbullets
Merge Q1219,ID1886,A,A,F,medxpert
Merge Q1220,ID1887,C,B,C,jama
Merge Q1221,ID1888,D,B,E,medxpert
Merge Q1222,ID1889,C,C,C,mmlu
Merge Q1223,ID1890,E,D,J,medxpert
Merge Q1224,ID1892,G,C,H,medxpert
Merge Q1225,ID1893,C,D,C,jama
Merge Q1226,ID1895,B,B,B,medbullets
Merge Q1227,ID1896,G,B,J,medxpert
Merge Q1228,ID1898,C,C,C,medbullets
Merge Q1229,ID1899,D,C,C,jama
Merge Q1230,ID1900,C,C,C,jama
Merge Q1231,ID1902,B,A,C,jama
Merge Q1232,ID1903,B,A,B,jama
Merge Q1233,ID1904,D,A,D,jama
Merge Q1234,ID1905,F,B,G,medxpert
Merge Q1235,ID1908,C,B,C,mmlu
Merge Q1236,ID1909,C,B,C,jama
Merge Q1237,ID1910,H,D,F,medxpert
Merge Q1238,ID1911,B,C,D,mmlu
Merge Q1239,ID1912,D,B,D,mmlu
Merge Q1240,ID1913,D,C,E,medxpert
Merge Q1241,ID1915,C,C,G,medxpert
Merge Q1242,ID1917,B,D,B,jama
Merge Q1243,ID1918,C,C,C,jama
Merge Q1244,ID1919,C,B,C,medbullets
Merge Q1245,ID1923,E,B,D,medxpert
Merge Q1246,ID1924,F,D,F,medxpert
Merge Q1247,ID1925,C,D,C,jama
Merge Q1248,ID1927,B,C,B,medbullets
Merge Q1249,ID1928,C,D,C,jama
Merge Q1250,ID1929,F,D,F,medxpert
Merge Q1251,ID1931,A,D,A,jama
Merge Q1252,ID1932,A,C,B,jama
Merge Q1253,ID1933,C,B,C,jama
Merge Q1254,ID1934,A,B,A,jama
Merge Q1255,ID1937,B,D,B,jama
Merge Q1256,ID1938,A,C,A,medbullets
Merge Q1257,ID1940,B,D,B,jama
Merge Q1258,ID1941,F,D,F,medxpert
Merge Q1259,ID1944,J,B,J,medxpert
Merge Q1260,ID1945,C,D,B,medbullets
Merge Q1261,ID1946,A,A,A,medxpert
Merge Q1262,ID1947,G,C,D,medxpert
Merge Q1263,ID1948,F,D,H,medxpert
Merge Q1264,ID1949,C,C,C,jama
Merge Q1265,ID1951,C,B,C,jama
Merge Q1266,ID1952,A,D,A,medbullets
Merge Q1267,ID1953,B,C,B,jama
Merge Q1268,ID1955,A,D,C,medbullets
Merge Q1269,ID1956,C,A,C,jama
Merge Q1270,ID1957,E,A,E,medxpert
Merge Q1271,ID1958,B,C,G,medxpert
Merge Q1272,ID1959,D,B,D,jama
Merge Q1273,ID1962,B,A,A,medxpert
Merge Q1274,ID1963,B,C,B,medbullets
Merge Q1275,ID1965,D,B,D,jama
Merge Q1276,ID1966,A,B,A,jama
Merge Q1277,ID1969,A,A,A,mmlu
Merge Q1278,ID1970,B,C,B,jama
Merge Q1279,ID1972,B,D,B,mmlu
Merge Q1280,ID1974,C,A,C,medbullets
Merge Q1281,ID1975,D,A,A,medxpert
Merge Q1282,ID1976,C,C,A,medxpert
Merge Q1283,ID1977,D,B,D,jama
Merge Q1284,ID1979,G,B,H,medxpert
Merge Q1285,ID1980,B,B,I,medxpert
Merge Q1286,ID1981,B,C,D,jama
Merge Q1287,ID1983,D,B,D,medbullets
Merge Q1288,ID1984,D,A,D,mmlu
Merge Q1289,ID1986,A,B,C,jama
Merge Q1290,ID1987,H,D,H,medxpert
Merge Q1291,ID1989,B,D,B,mmlu
Merge Q1292,ID1990,C,B,C,jama
Merge Q1293,ID1991,A,C,D,jama
Merge Q1294,ID1993,D,D,D,mmlu
Merge Q1295,ID1994,I,D,E,medxpert
Merge Q1296,ID1995,D,D,D,mmlu
Merge Q1297,ID1996,D,C,D,mmlu
Merge Q1298,ID1997,C,C,B,medxpert
Merge Q1299,ID1998,A,D,A,medbullets
Merge Q1300,ID1999,E,B,C,medxpert